0.8294560313224792,0.7744247913360596,-6.777173098271305e-07,0.761993408203125,0.7192015647888184,-0.0183693468570709,0.7110740542411804,0.6280004382133484,-0.0297177750617265,0.7129929661750793,0.5322093963623047,-0.0471532382071018,0.7627415060997009,0.4735910296440124,-0.0591456703841686,0.741143524646759,0.5430440902709961,0.0143531914800405,0.7119610905647278,0.4621506929397583,-0.032426755875349,0.7245292067527771,0.5358667373657227,-0.0549976788461208,0.7449438571929932,0.5682686567306519,-0.0609371811151504,0.787979245185852,0.5319845080375671,0.0065893437713384,0.7688153386116028,0.4571525454521179,-0.0370169430971145,0.7761269211769104,0.5581240057945251,-0.039628580212593,0.7904425859451294,0.5842437744140625,-0.0274250414222478,0.8398221731185913,0.5320412516593933,-0.0105538498610258,0.8209764957427979,0.4480273723602295,-0.0578745566308498,0.8197121620178223,0.5556018948554993,-0.0389356240630149,0.8321284055709839,0.5990470051765442,-0.0094930985942482,0.8966330885887146,0.5431877374649048,-0.0300657805055379,0.8823921084403992,0.4615450203418731,-0.0548808500170707,0.8709001541137695,0.5305371880531311,-0.0372083112597465,0.8750365972518921,0.575067400932312,-0.0142193287611007,0.5813584074493746,0.4861731316583115,2.757761309196672,2.6131922234734746,2.4673735683742395,2.585211989651326,1.5936271589337354,2.426057784493432,0.8097227145258588,2.733979621928996,1.6224764166273395,1.632956191113323,2.5953390879615035,0.5660204138512721,2.552426628765652,1.538999248736578,1.7523514322583271,2.618488020707201,0.3939650743783522,2.6579517940510766,2.666489902572044,1.3349703364016672,0.3283254586188661,2.810856382228993,0.0
0.797419548034668,0.7734453678131104,-7.95094081240677e-07,0.7318149209022522,0.7003344297409058,0.0037068091332912,0.6915852427482605,0.6154000163078308,-0.0001754253025865,0.6676002740859985,0.552677571773529,-0.0132336458191275,0.6722165942192078,0.4977272152900696,-0.0208902340382337,0.7590041160583496,0.5106459259986877,0.029250144958496,0.7039592266082764,0.4660080969333648,-0.0024333319161087,0.7019504904747009,0.5450894832611084,-0.0163988098502159,0.7230194211006165,0.5696553587913513,-0.0212387256324291,0.788945734500885,0.5135375261306763,0.0116742420941591,0.7226991653442383,0.4695290327072143,-0.0258412454277277,0.7204018235206604,0.5654833316802979,-0.0269927978515625,0.7501415014266968,0.5832401514053345,-0.0167945846915245,0.8218030333518982,0.5224447846412659,-0.0120465718209743,0.7524851560592651,0.4814750254154205,-0.0456585325300693,0.7480425834655762,0.5741456747055054,-0.0261431485414505,0.7780368328094482,0.5932173132896423,-0.0023266007192432,0.8529167771339417,0.543595016002655,-0.0370543859899044,0.7900729179382324,0.4993954300880432,-0.0513917542994022,0.7774208188056946,0.5584678649902344,-0.0342266745865345,0.8007380962371826,0.5850628614425659,-0.0150129497051239,0.5888348610643553,0.6086869601145657,2.842072207904393,2.9725159476946783,2.695508185906924,2.243125843863249,2.0389262584047816,1.9938561726440844,1.0731177163257728,2.4168357383025736,2.0489110235228987,1.077244513932111,2.100270873373629,1.0734080335555554,2.058386582630253,1.0359865434888842,2.1576506286804547,1.9915698952420768,1.0460056321074946,2.114646765692701,1.9660624651193728,0.7712884136975894,1.1372630083351316,2.259112451988914,0.0
0.7703302502632141,0.6054059267044067,-4.972748683940154e-07,0.7017048001289368,0.5749296545982361,-0.0467921011149883,0.6442210674285889,0.5463547706604004,-0.0825785025954246,0.6115592122077942,0.5190438628196716,-0.1136714816093444,0.6469699740409851,0.4996116757392883,-0.1364851891994476,0.6775760054588318,0.3577155172824859,-0.0557990260422229,0.6254139542579651,0.4129766523838043,-0.100815050303936,0.6384342312812805,0.4788672626018524,-0.1156417354941368,0.6576822996139526,0.4793531000614166,-0.1214847043156623,0.7337908148765564,0.3515416383743286,-0.0538534969091415,0.6787055730819702,0.4337795972824096,-0.0971759110689163,0.685627281665802,0.5118194818496704,-0.0964061617851257,0.7007172107696533,0.499466985464096,-0.0882341861724853,0.7848128080368042,0.3805834650993347,-0.0589060559868812,0.7321924567222595,0.4650116264820099,-0.1002103984355926,0.7276642322540283,0.5291858911514282,-0.0861472934484481,0.7397079467773438,0.5175423622131348,-0.0685722157359123,0.8263961672782898,0.4270589649677276,-0.0690305233001709,0.7842931151390076,0.4995486736297607,-0.0937352403998375,0.7665589451789856,0.5430853366851807,-0.0882689952850341,0.7679623961448669,0.5406527519226074,-0.0776494368910789,0.8079659129592154,1.055925930485779,3.0802029803369626,2.909290381196316,1.6049347378797048,1.3021255495458477,2.308359744692797,1.0060769892940036,2.211095355573452,1.8408785222500832,1.6027378715604728,0.9231569517612088,0.9473801066878323,2.359067114472165,1.0297319676020498,1.566990832058524,1.2487680292065202,0.8091489707106978,2.36815866931106,1.2165756289315022,0.6762720206609183,1.9159829774160408,2.716268907473116,1.430402579875543,0.0
0.801047682762146,0.5998162627220154,-2.624702801767853e-07,0.7582430243492126,0.5670228004455566,-0.0596814528107643,0.7324414849281311,0.5048079490661621,-0.0941267907619476,0.766560435295105,0.4524498879909515,-0.1205222457647323,0.8213551044464111,0.4284129738807678,-0.1384169310331344,0.7486904859542847,0.3883366584777832,-0.0616103410720825,0.778121292591095,0.3603128790855407,-0.115270547568798,0.7715756297111511,0.4259952008724212,-0.1384657770395279,0.7650315165519714,0.4538139700889587,-0.1486053317785263,0.7996493577957153,0.3883466124534607,-0.0522547885775566,0.8333255648612976,0.3689880967140198,-0.1059521660208702,0.8192786574363708,0.4554471671581268,-0.1118553355336189,0.8086430430412292,0.4657261371612549,-0.1064021661877632,0.8455619812011719,0.4039167761802673,-0.051877275109291,0.8814348578453064,0.3948893845081329,-0.1051286160945892,0.8600931167602539,0.4714871942996979,-0.0931843817234039,0.841341495513916,0.479963481426239,-0.0743731185793876,0.8857824206352234,0.4333022832870483,-0.0568429678678512,0.9178082942962646,0.4189881086349487,-0.0926713347434997,0.8998708724975586,0.4711627662181854,-0.0858931168913841,0.8786258101463318,0.4841726422309875,-0.073309488594532,0.7872362029107716,0.5655386979834329,2.595695716639149,2.265757091817789,2.5863821618801763,2.0998242089856154,1.2807338751030009,1.9833622391440229,1.4025427138117326,3.0173691408937784,1.1798256569102985,1.932022109506264,2.065375539285367,1.250879408522788,2.384502774992657,2.063295447305836,1.1104375182425743,2.0437312580862117,1.157665932035964,2.175298891022272,2.386951307218327,2.000366143097545,0.9749808131573784,2.401105181729792,0.0
0.7624061703681946,0.5555477738380432,-4.288702655230736e-07,0.6976776123046875,0.5353016257286072,-0.0085809882730245,0.65008944272995,0.4711398482322693,-0.0083941239863634,0.6458114981651306,0.3975481390953064,-0.0125574050471186,0.6798555850982666,0.357145756483078,-0.0138612100854516,0.6787461638450623,0.4153368473052978,0.0251251347362995,0.6631286144256592,0.3700002431869507,0.005456896033138,0.6703704595565796,0.4118286967277527,-0.007028670515865,0.6827167272567749,0.4395013451576233,-0.0111858258023858,0.7102493047714233,0.3990823626518249,0.0212440732866525,0.6980571746826172,0.3476929664611816,-0.0022964982781559,0.7110275626182556,0.4101994633674621,-0.0091178612783551,0.726963222026825,0.4477124214172363,-0.0042736805044114,0.7439079880714417,0.3897261023521423,0.0119493836537003,0.7305173277854919,0.3399675786495209,-0.0119899287819862,0.7388952970504761,0.4033178985118866,-0.0065092607401311,0.7510746717453003,0.4466151297092438,0.0073646153323352,0.7824162244796753,0.3869750797748565,0.001218476332724,0.7716419696807861,0.3335730731487274,-0.0107429204508662,0.7701407074928284,0.3743212819099426,-0.0034414320252835,0.7748185992240906,0.4109511077404022,0.0075800097547471,0.7787427614444826,0.5460545674133293,2.5008290175117915,2.5588291038966853,2.3833521831047992,2.5631914886817446,1.396093417222776,2.459670104509952,0.6933030634953129,2.8566716402835377,1.431981197670042,1.837052556185748,2.5873851465410724,0.5264573375977031,2.842934039130932,1.6866106654384267,1.6243524770951596,2.6141361000994507,0.371444265546214,2.886278633836157,2.7556198557132,1.5082791440189869,0.2345822502900252,2.9463763662062097,0.0
0.7054030895233154,0.5891029238700867,-6.567649393218744e-07,0.6526587605476379,0.5437471866607666,0.0030092520173639,0.6252574920654297,0.4786311089992523,0.0031756171956658,0.6175666451454163,0.4221222102642059,-0.0046443445608019,0.6336255669593811,0.3778548836708069,-0.0093303909525275,0.673470675945282,0.406703233718872,0.0336834006011486,0.6479165554046631,0.3655323386192322,0.008276630192995,0.6439884305000305,0.4208849966526031,-0.0062204590067267,0.6617092490196228,0.4506092369556427,-0.0116625297814607,0.6943883895874023,0.4016566276550293,0.0206550247967243,0.6618678569793701,0.3534174561500549,-0.0111840683966875,0.657703697681427,0.4268174171447754,-0.0179920848459005,0.6812867522239685,0.4546085298061371,-0.0116331409662961,0.7202516794204712,0.3970785737037658,0.0022206436842679,0.6818193793296814,0.3482658565044403,-0.0280749965459108,0.6757099628448486,0.4218192398548126,-0.0191221386194229,0.6988047957420349,0.4516419172286987,-0.0017902180552482,0.7495473623275757,0.4000251293182373,-0.0170515831559896,0.7088112235069275,0.3555263876914978,-0.0328191481530666,0.6993278861045837,0.4018751382827759,-0.0233679879456758,0.71757972240448,0.4312512576580047,-0.0092953601852059,0.6958141696333475,0.5855809157726171,2.677682289687682,2.8449682090512725,2.6603261225141925,2.38237939886303,1.5677094436050585,2.1622653343716656,0.9559171417493146,2.538385006166738,1.5864503568120834,1.5576088638688204,2.343203740810919,0.8616513990901147,2.339118132645174,1.47505074190108,1.8566524990044704,2.286483557399642,0.787316065829079,2.3678697602695933,2.172974229812877,1.0870113520816345,0.9188694223481472,2.394407004885143,0.0
0.6950439214706421,0.5693972110748291,-5.73558622818382e-07,0.6400879621505737,0.6147366166114807,-0.0072557432577013,0.5715966820716858,0.6229148507118225,-0.0097768427804112,0.5255159735679626,0.5814107060432434,-0.0180735439062118,0.5211203098297119,0.5204421877861023,-0.0235243551433086,0.5503576993942261,0.5506649017333984,0.0199294406920671,0.508824348449707,0.5362454056739807,-0.0072439946234226,0.546545147895813,0.5615711212158203,-0.0228677242994308,0.5744005441665649,0.565851092338562,-0.0279642511159181,0.5639299154281616,0.5116497874259949,0.0132496524602174,0.5245586633682251,0.4959105551242828,-0.0154854292050004,0.5731220841407776,0.529334545135498,-0.0213986467570066,0.6023925542831421,0.5338996648788452,-0.0156908929347991,0.5809888243675232,0.471772700548172,0.0007717218250036,0.5382422804832458,0.4581123292446136,-0.0277166124433279,0.5846424102783203,0.4966182112693786,-0.0178779438138008,0.6178103089332581,0.508512556552887,-0.0004155860806349,0.6045443415641785,0.4320055842399597,-0.0131618110463023,0.5574928522109985,0.4162251353263855,-0.0271170549094676,0.5837318301200867,0.4478007853031158,-0.0162280909717082,0.6110934019088745,0.4620918035507202,-0.0020674739498645,0.8502569290597842,0.7834678657563956,2.5684344778592925,2.2876895853723207,2.379702256868627,2.424825172724661,1.4872912292970364,2.30031569563292,0.9185212703692348,2.691162364527898,1.4342987794981912,1.6978843629717406,2.4529895518866875,0.7266816312732453,2.60941160051772,1.642137691645816,1.5968083605803187,2.457972332463261,0.5373777066372354,2.6968036723505064,2.4604726293905634,1.455485279625913,0.533979680481994,2.7323310998147448,0.0
0.7471738457679749,0.6612563133239746,-6.972694563955883e-07,0.7112279534339905,0.6113903522491455,-0.0165162906050682,0.7127795219421387,0.5022054314613342,-0.0189077835530042,0.7590537071228027,0.4398183822631836,-0.0238833669573068,0.8106403946876526,0.4351063072681427,-0.0238521117717027,0.7785237431526184,0.4700364470481872,0.0079448800534009,0.7848973870277405,0.4096741080284118,-0.0256474558264017,0.7631094455718994,0.4682658910751343,-0.0420259572565555,0.7649933099746704,0.5046665668487549,-0.0474220216274261,0.8140561580657959,0.4986124038696289,0.0047396621666848,0.8220160007476807,0.4374938011169433,-0.0301872752606868,0.7844001650810242,0.5143193006515503,-0.0309286694973707,0.7841618061065674,0.5505188703536987,-0.0201499424874782,0.8460779190063477,0.5326295495033264,-0.0059600453823804,0.8605082035064697,0.469082772731781,-0.0450173243880271,0.8137908577919006,0.5410810708999634,-0.0293189361691474,0.8044903874397278,0.5846356749534607,-0.0056904922239482,0.8811469674110413,0.5759167075157166,-0.0185086652636528,0.8952312469482422,0.5186648964881897,-0.044035218656063,0.8580577373504639,0.5571461915969849,-0.0338656529784202,0.8447347283363342,0.5885028839111328,-0.018114797770977,0.8358679259037559,0.4636526667208959,2.4667676312736706,2.516839299039718,2.2981939714562007,2.5923796527605094,2.0248154189084477,2.404564324556063,0.7993611914046598,2.7277780505940177,2.012190148843624,1.1401799711694882,2.5446276469635114,0.6094808859808001,2.6080818536878603,1.2110908035947408,1.987143199261568,2.4934451376106948,0.4855529555295167,2.681421096627921,2.353458599163445,1.1000554174309514,0.5482144549964948,2.716290803224476,0.0
0.7051191926002502,0.7835491895675659,-6.292456760093046e-07,0.6750295758247375,0.6802820563316345,-0.0247841719537973,0.6615358591079712,0.5939623117446899,-0.0475620031356811,0.6537585258483887,0.5338509678840637,-0.0694153681397438,0.6797938346862793,0.5430272221565247,-0.0840974673628807,0.7979022860527039,0.5430945158004761,-0.0261037219315767,0.7285586595535278,0.4828170239925384,-0.0582049116492271,0.6956977844238281,0.5372200608253479,-0.0689255818724632,0.7008748054504395,0.5688207149505615,-0.0729635059833526,0.8229542970657349,0.588248610496521,-0.0303224381059408,0.7322942614555359,0.5382241010665894,-0.0631521269679069,0.699413537979126,0.6008976697921753,-0.061934906989336,0.7120447754859924,0.625687837600708,-0.054901897907257,0.8320668935775757,0.6437621712684631,-0.0393799170851707,0.7427380681037903,0.5966531038284302,-0.0690048187971115,0.7140095829963684,0.6506204605102539,-0.0535196587443351,0.7286486029624939,0.6738735437393188,-0.0367941260337829,0.82640540599823,0.703251302242279,-0.051688328385353,0.7564021348953247,0.6618961095809937,-0.0680514797568321,0.7345986366271973,0.6907821893692017,-0.0584822781383991,0.7452534437179565,0.7107675075531006,-0.0458087921142578,0.654449906515652,0.9093736233615236,3.0136174169241245,3.04716441106021,1.3540545778919029,1.9314852470119173,2.6010374824026385,1.5591497402408667,1.465961992159058,2.442505327369666,2.1342346006191297,0.675628956609851,1.5740904617791134,1.5455361261631024,2.1707457766391958,1.0156356783571667,1.8764249278211147,1.3931090449453798,1.5052414722151042,2.1399600729985586,1.226289500647364,1.1938706894316538,1.6272387166411533,2.0713563409796167,0.0
0.7745122313499451,0.8431202173233032,-1.606434523182543e-07,0.7648297548294067,0.713710606098175,-0.0166872087866067,0.7438827753067017,0.6043579578399658,-0.048843365162611,0.696979820728302,0.5577962398529053,-0.0787773579359054,0.657219648361206,0.5788383483886719,-0.1072114557027816,0.8360573053359985,0.622017502784729,-0.0862632542848587,0.7311139106750488,0.5288833975791931,-0.1240073218941688,0.7184035778045654,0.5857625007629395,-0.1345480978488922,0.7405455112457275,0.6208637356758118,-0.1409274339675903,0.8241798281669617,0.6880123615264893,-0.0994589179754257,0.7024948596954346,0.5851877927780151,-0.1359632164239883,0.7030811905860901,0.637951672077179,-0.1293860077857971,0.731942892074585,0.6649841070175171,-0.1263300776481628,0.7925780415534973,0.7497369050979614,-0.1116005182266235,0.6779952645301819,0.6457791924476624,-0.137998029589653,0.686139702796936,0.6888074278831482,-0.1154514700174331,0.7202355861663818,0.7176048755645752,-0.1018250361084938,0.7490619421005249,0.8029544949531555,-0.1244927495718002,0.6608388423919678,0.7103171348571777,-0.1446323543787002,0.6712645292282104,0.7346128821372986,-0.1322323530912399,0.7039418816566467,0.7642608880996704,-0.1231351196765899,0.4072365800685401,0.8138535454826674,2.9517219200678424,2.5623517801892435,2.0372019281337765,2.080733957016757,2.0300656861113744,1.7595861062479743,1.1435796060853636,2.369846462773496,1.750637298326608,1.1207515956394287,2.0197023887348204,0.8498546678197257,2.337611505194543,1.3448595003844366,1.5895504081460334,2.048661927110268,0.681980504148692,2.4874832977536805,2.0840163945611314,1.4789030773904877,0.4407750239016692,2.6731046827573066,0.0
0.662142813205719,0.8683844804763794,-3.3867215165628295e-07,0.7029165029525757,0.7757561206817627,0.0263720825314521,0.706305980682373,0.6891922354698181,0.0316179282963275,0.6863406300544739,0.6199521422386169,0.0316395759582519,0.6554424166679382,0.5866195559501648,0.0308480970561504,0.7000723481178284,0.629987359046936,0.0055090868845582,0.6569464802742004,0.5498696565628052,0.0038740974850952,0.6515551805496216,0.5834660530090332,0.0044775162823498,0.6620725989341736,0.6191667914390564,0.0063108061440289,0.6538466811180115,0.6434631943702698,-0.009484214708209,0.6165808439254761,0.5741266012191772,-0.0017436107154935,0.613385796546936,0.6107864379882812,0.0078975223004817,0.624739944934845,0.6424046754837036,0.0117455488070845,0.6070712804794312,0.6673421263694763,-0.0212234314531087,0.5793037414550781,0.6020389199256897,-0.0112933125346899,0.5807814598083496,0.6377101540565491,0.0049077798612415,0.592343807220459,0.6685612797737122,0.0115704769268631,0.5646310448646545,0.6999701857566833,-0.0306440740823745,0.5465858578681946,0.6362561583518982,-0.02006521448493,0.5523871183395386,0.6663963198661804,-0.0011502471752464,0.5629112720489502,0.6950162053108215,0.0113913714885711,0.3439148048852403,0.2108872783660349,2.7234555141584464,2.816304634804625,2.6744986703243674,2.4887831687034607,1.3648699520531284,2.653114762761416,0.6528098604912319,2.695142499079876,1.5716016748529769,1.740127453123982,2.6647934669086384,0.6754706229044206,2.6945691951302995,1.4728412508726128,1.8426503066140087,2.866123274333199,0.6655870898371035,2.7650623538642605,2.7411169943758367,1.17281263728479,0.7154328406460719,2.924627828098251,0.0
0.7670916318893433,0.7883784770965576,-5.005125558454893e-07,0.7194851636886597,0.7366881966590881,-0.0262276120483875,0.6891749501228333,0.6504126191139221,-0.0399969220161438,0.7134494185447693,0.5768885016441345,-0.0559049695730209,0.7593788504600525,0.5466302633285522,-0.0653102546930313,0.7169175744056702,0.5619173645973206,0.001960797002539,0.7140998244285583,0.5036801695823669,-0.0424734577536582,0.7169938087463379,0.5669845342636108,-0.0631036311388015,0.7224245667457581,0.5909284353256226,-0.0693685561418533,0.7612892389297485,0.5665938258171082,-0.0017822354566305,0.7673732042312622,0.5169098377227783,-0.0445877946913242,0.7579726576805115,0.6005514860153198,-0.0495751723647117,0.7535470128059387,0.6032513976097107,-0.0411170721054077,0.8073479533195496,0.5812256336212158,-0.0146758342161774,0.8163003921508789,0.5365647077560425,-0.060166098177433,0.8008861541748047,0.6198258399963379,-0.0467817224562168,0.7944954633712769,0.6294518709182739,-0.0241596065461635,0.8539654612541199,0.6053072214126587,-0.0303767845034599,0.8621812462806702,0.5590574741363525,-0.0526892133057117,0.8466107845306396,0.6146578788757324,-0.0377642586827278,0.838729202747345,0.630763053894043,-0.0189659185707569,0.631531030438657,0.4464168463106059,2.6975483957874284,2.493276249339312,2.4833974953074307,2.4635178850613797,1.6412492494230222,2.3298880484030797,0.9659290315386772,2.959366993405297,1.538865400301373,1.637933267415174,2.429328182856312,0.7667266561303396,1.8434480309237955,1.6782752620417134,1.5548912438556195,2.4262552559454864,0.6281099611885882,2.155946036102155,2.7523303463623323,1.4368225838660085,0.2112045967164721,2.56493133060702,0.0
0.8011795878410339,0.779965877532959,-3.153097054564569e-07,0.7376694083213806,0.7242386937141418,-0.0245377290993928,0.6923959851264954,0.6238243579864502,-0.0416405014693737,0.6882606148719788,0.5371189713478088,-0.0628399178385734,0.7216386795043945,0.4809044599533081,-0.0837166681885719,0.7378786206245422,0.5022477507591248,-0.0186730585992336,0.7331443428993225,0.3803026676177978,-0.0535216107964515,0.7331332564353943,0.3065963089466095,-0.0748491212725639,0.7363355159759521,0.2402090728282928,-0.0889630988240242,0.7859112620353699,0.5136426687240601,-0.027455985546112,0.7652774453163147,0.455882728099823,-0.0901829674839973,0.747882604598999,0.553604781627655,-0.1036430820822715,0.74253910779953,0.6239718794822693,-0.0961439758539199,0.8329288363456726,0.5360159873962402,-0.0407208055257797,0.8079010248184204,0.4921095073223114,-0.1004126965999603,0.7861796021461487,0.5898744463920593,-0.0896156579256057,0.7789043188095093,0.6553716659545898,-0.0638472363352775,0.8812898993492126,0.566951334476471,-0.0561199560761451,0.8682944178581238,0.5020321011543274,-0.0905500799417495,0.8457393050193787,0.5548734068870544,-0.0779414027929306,0.8331767320632935,0.599576473236084,-0.0580787062644958,0.6525550700779995,0.4599329910747002,2.705802897778251,2.7633538214167497,2.57637739647695,2.8615373275370457,1.7782770888196602,2.834504307052104,3.1042786036562937,3.055319813277153,1.879089083395746,1.3184408548062252,2.404520325553154,1.0409642997732669,2.880946541578908,1.239422298021153,1.9334995034054216,2.256336276333424,0.9792428371768424,2.856393789772323,2.5709038080568414,1.0759123873754124,0.6204286761237149,2.9167597408138985,1.0
0.8149144649505615,0.7897173166275024,-4.570524652081076e-07,0.7332519292831421,0.6989567279815674,0.0037400189321488,0.690331220626831,0.6165262460708618,-0.0097942156717181,0.6562598347663879,0.5564995408058167,-0.032370425760746,0.6284381151199341,0.4932409524917602,-0.0561459548771381,0.7639724612236023,0.4906659424304962,-0.0028541830834001,0.7232598662376404,0.3832539021968841,-0.0324656888842582,0.7045392394065857,0.3152804970741272,-0.0512600019574165,0.6927820444107056,0.2513765692710876,-0.065294437110424,0.795845627784729,0.5061556696891785,-0.0257706195116043,0.6845834851264954,0.4848271310329437,-0.0751499161124229,0.6595101356506348,0.5731238722801208,-0.0858467891812324,0.6709812879562378,0.6342267990112305,-0.0839392766356468,0.8096833825111389,0.5412973761558533,-0.0506949312984943,0.6948411464691162,0.5277911424636841,-0.0962604135274887,0.6822320818901062,0.6101281642913818,-0.0813693702220916,0.7004871368408203,0.6657934188842773,-0.0604509152472019,0.8096528649330139,0.5884908437728882,-0.0762079656124115,0.7188989520072937,0.5621277689933777,-0.1072993502020835,0.7022172212600708,0.6129118800163269,-0.0961551815271377,0.7137769460678101,0.6554729342460632,-0.079618714749813,0.5653043030122953,0.6338558607715088,2.8347488872549134,2.966516232928703,3.043786572442662,2.8323451587220467,2.04429736112502,2.592720590843248,3.050728380921628,3.0446279671418472,1.7612077335572922,1.016508503074098,1.8418400521188485,1.696756926495864,2.657425170744707,1.40501618045927,1.491434774481978,1.7709298040545634,1.5382212940474724,2.659877544155189,1.9613324790451847,1.4867312161178885,1.5392431105271476,2.562727890093643,1.0
0.7053217887878418,0.733405351638794,-1.2656363423957373e-07,0.6668711304664612,0.6766107678413391,-0.0388543419539928,0.6580862998962402,0.5894331932067871,-0.0590937957167625,0.6936429142951965,0.5224053263664246,-0.0787236765027046,0.7322327494621277,0.4739991724491119,-0.0957799702882766,0.6688077449798584,0.4684584140777588,-0.027256790548563,0.684245765209198,0.3567863702774048,-0.0535365715622901,0.6981119513511658,0.2939568758010864,-0.0676310583949089,0.7130560874938965,0.2397943139076233,-0.0769264549016952,0.716313362121582,0.4858618378639221,-0.0239534862339496,0.7371683716773987,0.4550230503082275,-0.0733454376459121,0.7238748073577881,0.537586510181427,-0.0841505602002143,0.7119727730751038,0.5924265384674072,-0.0789485499262809,0.7579967379570007,0.5139152407646179,-0.0256868451833724,0.7756799459457397,0.4858317077159881,-0.0749238729476928,0.7553261518478394,0.5608190298080444,-0.0685925409197807,0.7400878071784973,0.6079668998718262,-0.0500708408653736,0.7925900220870972,0.5491095781326294,-0.0306017454713583,0.816799521446228,0.4989559352397918,-0.061912927776575,0.7993617057800293,0.5420060753822327,-0.0549302324652671,0.7825818657875061,0.5780612230300903,-0.0405022203922271,0.5982956893456554,0.3029411544373854,2.600331310776012,2.570204741797025,2.9618946541673585,2.8426876874855944,1.7936104050895445,2.829809584387514,3.062579905327917,3.0689300898617624,1.5419169044605734,1.663685978915772,2.1987910535148734,1.1162780160832515,2.9141687275526764,1.582388154389711,1.616543699777881,2.2392460607298723,0.9272410395576394,2.8613327086216587,2.778300139893616,1.324101457494264,0.368038447248029,2.936812983841842,1.0
0.6999887228012085,0.7788548469543457,-3.569588500340615e-07,0.6482170224189758,0.7332093119621277,-0.0236519239842891,0.6080516576766968,0.6767716407775879,-0.0450456216931343,0.5743142366409302,0.6412050724029541,-0.0664403364062309,0.5760685801506042,0.6372457146644592,-0.0886032879352569,0.6619362235069275,0.5567747950553894,-0.0370919406414032,0.6376454830169678,0.5015924572944641,-0.0687029585242271,0.6199864745140076,0.4559283852577209,-0.0907439142465591,0.6110275983810425,0.414067655801773,-0.1081728041172027,0.7058775424957275,0.567310094833374,-0.0442817248404026,0.6225202083587646,0.6044214367866516,-0.0856210440397262,0.5986664891242981,0.6829568147659302,-0.0922406315803527,0.6084336638450623,0.7243754267692566,-0.0897450521588325,0.7367347478866577,0.6144267916679382,-0.0546741560101509,0.6509886384010315,0.6579503417015076,-0.0923197716474533,0.6332542300224304,0.7166329622268677,-0.0812415033578872,0.6472997665405273,0.7421982288360596,-0.0659813806414604,0.7567933201789856,0.6755723357200623,-0.0679596662521362,0.6861569285392761,0.7007260322570801,-0.0949193909764289,0.6633893847465515,0.7379932403564453,-0.0877042934298515,0.6702544689178467,0.7569781541824341,-0.0759593993425369,0.6771722192322763,0.7175684043146998,2.921126305462943,2.968813091487485,2.048965842976612,2.747192001303217,2.04468431891964,2.5207984307470017,3.068987186235882,2.9917660005898057,1.6395244146034875,0.8645298983774352,1.2654499284222993,2.2492161174766103,2.597519647473125,1.536302016563014,1.3567309292408862,1.1029428540414752,2.1755612163652702,2.3357548052030217,1.1143740908237572,1.6624775215030672,2.3004489827968984,2.233375144491685,1.0
0.7548879981040955,0.816071093082428,-2.758354753495951e-07,0.7411330342292786,0.7068480253219604,0.0147876655682921,0.682498574256897,0.623339831829071,0.0107973273843526,0.6162444949150085,0.5921797752380371,0.0036382365506142,0.565273106098175,0.5974459052085876,-0.0067000924609601,0.6815719604492188,0.5703626871109009,-0.0258015822619199,0.6001928448677063,0.4977350831031799,-0.0442865379154682,0.5542839765548706,0.459683895111084,-0.0530135482549667,0.5168359279632568,0.4295607805252075,-0.0597882270812988,0.6656753420829773,0.6130352020263672,-0.0426785349845886,0.5684215426445007,0.5961628556251526,-0.0594825148582458,0.5795391798019409,0.6360834240913391,-0.051455732434988,0.6068742275238037,0.6503501534461975,-0.0461013577878475,0.6463626027107239,0.6732314825057983,-0.0568704418838024,0.5591503381729126,0.6527745127677917,-0.0707510784268379,0.5732860565185547,0.6836197376251221,-0.0514669902622699,0.6020514369010925,0.6945975422859192,-0.0379807017743587,0.6272352337837219,0.73723304271698,-0.0694646686315536,0.5499172806739807,0.6995848417282104,-0.0779705345630645,0.5590630173683167,0.7176645994186401,-0.0624073445796966,0.5842511653900146,0.7330106496810913,-0.0498199723660945,0.2857723214588556,0.301154338739938,2.626110299514906,2.620603619566243,2.5958334636601985,2.590440421742003,1.8525040433001043,2.7100301036499315,3.099025198892789,3.126144446626101,1.4002468810927362,1.8010212516769244,2.173534896857744,1.107257490588882,2.337459504635616,1.6816713991153458,1.4840778155274998,2.45338892210201,0.924171497638602,2.4439200880078937,2.7930856474099968,1.4301386644965026,0.8113213338415858,2.603947966113814,1.0
0.691474437713623,0.8228051662445068,-2.5658883373580466e-07,0.6977202892303467,0.7324959635734558,0.0204550363123416,0.67545086145401,0.6522124409675598,0.0222809165716171,0.6375422477722168,0.6082724332809448,0.0172273907810449,0.5989023447036743,0.5949004292488098,0.0095903985202312,0.677191436290741,0.5822285413742065,0.00556604238227,0.6405899524688721,0.4841194152832031,-0.0068987710401415,0.6241175532341003,0.424805998802185,-0.0141029246151447,0.6133608222007751,0.3731447756290436,-0.0203098431229591,0.6618931889533997,0.5944845080375671,-0.0128070330247282,0.5740304589271545,0.5567334294319153,-0.0299080777913332,0.5642470121383667,0.6038292646408081,-0.0282550696283578,0.5822743773460388,0.6294015049934387,-0.0250733476132154,0.6375892758369446,0.6232274174690247,-0.0297845434397459,0.5581526160240173,0.5901728868484497,-0.0442004539072513,0.5563448071479797,0.6317942142486572,-0.0318519957363605,0.5786844491958618,0.6491172909736633,-0.0218148287385702,0.61015385389328,0.6580440998077393,-0.045467060059309,0.5436221957206726,0.6171272397041321,-0.0553551241755485,0.5425524115562439,0.649543821811676,-0.0441348291933536,0.5613119602203369,0.6731163263320923,-0.0333229228854179,0.2362773757715733,0.1801935171431109,2.7499894454187186,2.687566304636797,2.6118715965728034,2.8124099456767246,1.7172567611593972,2.9206292007040995,3.0559788443377527,3.0764294795959315,1.2300274100870503,2.046665066500544,2.10666546285413,1.3669361926168695,2.3221351584590804,1.9178608401739763,1.2599574750744325,2.240239536663325,1.189623042104552,2.236029227428406,2.5785347227052844,1.7215082462130549,1.040714358559297,2.478000393534515,1.0
0.6620774269104004,0.8271306753158569,-2.994850376580871e-07,0.5871908068656921,0.7614797353744507,-0.0059661357663571,0.555159866809845,0.693689227104187,-0.0203578155487775,0.5348407030105591,0.6409414410591125,-0.0387084335088729,0.5207051038742065,0.5932320952415466,-0.0571763254702091,0.6408877968788147,0.5788390636444092,-0.0097453547641634,0.6065755486488342,0.4935075044631958,-0.0339895859360694,0.5938310027122498,0.4353402853012085,-0.052954826503992,0.5861474275588989,0.3807172477245331,-0.0683158412575721,0.6591753959655762,0.5879876613616943,-0.02253358066082,0.5596370697021484,0.5591957569122314,-0.0586691051721572,0.5407222509384155,0.6289348602294922,-0.0665562078356742,0.5540605783462524,0.6724708080291748,-0.0658063217997551,0.6586098670959473,0.6129167079925537,-0.0372463427484035,0.5599554181098938,0.5912445783615112,-0.0696535855531692,0.5499700307846069,0.6515284776687622,-0.0577483549714088,0.5671884417533875,0.6895197033882141,-0.0431598350405693,0.644283652305603,0.6491872668266296,-0.0535038523375988,0.5686816573143005,0.6304534673690796,-0.0796724483370781,0.562325119972229,0.6732802391052246,-0.0732773467898368,0.5792189240455627,0.7068588137626648,-0.0620917677879333,0.7651674192310469,0.74196313261507,2.715262332942181,2.99831057184174,3.0556928291537147,2.775784782389525,2.069972022999241,2.440100727136452,2.9738221045439333,3.060076574675128,1.6116642031550117,0.911324317348424,1.878674248900316,1.590835120780396,2.5666375355481668,1.5682977966862082,1.3103466827819217,1.842543145356091,1.4635021620416024,2.555622293224695,1.9783255765667709,1.81193369232752,1.4343670238372757,2.5268982787753087,1.0
0.6379210948944092,0.83674556016922,-4.246531375429186e-07,0.5807977318763733,0.7860399484634399,-0.0117040174081921,0.5368919372558594,0.7090084552764893,-0.0247911661863327,0.5117132663726807,0.6458168029785156,-0.0426870472729206,0.5200319290161133,0.5995011329650879,-0.0607233494520187,0.6007052659988403,0.583936333656311,-0.0047884630039334,0.584160566329956,0.4952924847602844,-0.0284748189151287,0.5744352340698242,0.438183069229126,-0.0442061647772789,0.5707127451896667,0.3845871984958648,-0.0566267669200897,0.6320117712020874,0.5895380973815918,-0.0163431484252214,0.5594725608825684,0.5623695850372314,-0.0606479346752166,0.5389366149902344,0.6465210318565369,-0.071379542350769,0.5472630262374878,0.7056039571762085,-0.0678106769919395,0.6526177525520325,0.6108314394950867,-0.0308760777115821,0.5763212442398071,0.5914037227630615,-0.074445754289627,0.5646384954452515,0.6688646674156189,-0.0656268000602722,0.5783775448799133,0.7223825454711914,-0.047089971601963,0.6621026992797852,0.6449028849601746,-0.046809185296297,0.5978480577468872,0.6116868853569031,-0.0766875222325325,0.5853808522224426,0.6584774255752563,-0.0692803710699081,0.5977363586425781,0.7006165385246277,-0.0549857839941978,0.7081613119292604,0.6403647547160114,2.818415084104969,2.966246177004944,2.601477937173684,2.900461216458468,1.80783570686968,2.737889767267633,3.12418573514966,3.0380556486620875,2.077553079159684,0.885435882873834,1.9346035529161152,1.5295525756816923,2.721049420036362,1.097886173226524,1.770197058417219,1.7970878309633296,1.4296680393710792,2.697423255827798,1.9815571736825688,1.1409410384411354,1.3137998824285435,2.587327812124726,1.0
0.6474183797836304,0.8140664100646973,-2.3281522487650366e-07,0.6003530025482178,0.7648346424102783,-0.0233378689736127,0.5714280009269714,0.6798729300498962,-0.039430271834135,0.5786855816841125,0.6080877184867859,-0.0587361678481102,0.6167501211166382,0.5705113410949707,-0.0775831714272499,0.6106280088424683,0.5807409286499023,-0.0188939180225133,0.6179207563400269,0.4705922603607178,-0.0485137775540351,0.6266294121742249,0.4071527123451233,-0.0655286163091659,0.6371392011642456,0.3513628840446472,-0.0763919875025749,0.649174153804779,0.5937987565994263,-0.024393692612648,0.6391215920448303,0.5526042580604553,-0.0782810673117637,0.6244045495986938,0.6364202499389648,-0.0888143554329872,0.6215863227844238,0.6956051588058472,-0.08133365213871,0.6850923895835876,0.6144509315490723,-0.0338117964565753,0.6738730669021606,0.5814130306243896,-0.0837322622537612,0.6541140675544739,0.6596446633338928,-0.0743384733796119,0.6483125686645508,0.7127133011817932,-0.0522979795932769,0.7205700874328613,0.6417969465255737,-0.0454126149415969,0.7184898853302002,0.5911749601364136,-0.0738682895898819,0.6998735070228577,0.6323574781417847,-0.0637067556381225,0.6914514899253845,0.6686350703239441,-0.0469538643956184,0.6424215934925566,0.4319750230253005,2.6945703069532403,2.714918384393038,2.478281420286863,2.85669515867988,1.7842435180967433,2.8551660688494542,3.073619522292218,3.0558922676422613,1.8149550254694264,1.345520973202088,2.3218802793968623,1.0865620733476709,2.8628021345881685,1.3307972201739713,1.8300165271867028,2.2480811151069267,0.9613893034588944,2.8352970525738788,2.649023196775392,1.1378785862446557,0.5206051187787191,2.8674001134117786,1.0
0.6596466898918152,0.8351969718933105,-4.0617788954477874e-07,0.5983290672302246,0.768850564956665,-0.0065390025265514,0.5642387866973877,0.694359302520752,-0.0201210100203752,0.5448722839355469,0.6374002695083618,-0.0387341380119323,0.5412405729293823,0.5895751118659973,-0.0576356202363967,0.643791913986206,0.5850504040718079,-0.0073031354695558,0.6177484393119812,0.4930139183998108,-0.0310897044837474,0.6055612564086914,0.4339190721511841,-0.0474169217050075,0.5993701815605164,0.3804061412811279,-0.0604309104382991,0.6713387966156006,0.5966953635215759,-0.0217326674610376,0.5889594554901123,0.5539233684539795,-0.0608503073453903,0.5620973706245422,0.6295217275619507,-0.068197876214981,0.5679329633712769,0.6830741763114929,-0.0648286864161491,0.6841853857040405,0.6228150129318237,-0.0386269763112068,0.5983725786209106,0.5889973044395447,-0.0754822045564651,0.5801645517349243,0.6558326482772827,-0.0623582527041435,0.5916580557823181,0.7031707167625427,-0.044313583523035,0.6833038926124573,0.6598467230796814,-0.0569510087370872,0.6154412627220154,0.6191404461860657,-0.0832090079784393,0.5961565375328064,0.6616085767745972,-0.0734165981411933,0.6040787100791931,0.7027220129966736,-0.0591138787567615,0.6831266985018879,0.6874066494487507,2.8139089523406384,2.973796418730823,2.892354751274176,2.841292440374285,2.028391845266456,2.57546087975778,3.068591891247684,3.0519222401684902,2.033967043623081,0.8518151968555953,2.0017030969831344,1.4803234240552758,2.666549740704792,1.1508061983834548,1.6932377755816914,1.876768245324704,1.4012801384375124,2.628779125441851,2.0414445735735223,1.286503688704077,1.3995540420739196,2.535685910958672,1.0
0.6825057864189148,0.8329026699066162,-2.879541511902062e-07,0.6166496276855469,0.7643898129463196,-0.0009378173854202,0.5878910422325134,0.68816739320755,-0.0119557343423366,0.5660134553909302,0.632773220539093,-0.0263027846813201,0.5488725304603577,0.5905689001083374,-0.0407177954912185,0.6713535189628601,0.5915982723236084,-0.0116060869768261,0.6358226537704468,0.4997403621673584,-0.0323724038898944,0.6216747760772705,0.4429183900356293,-0.0475741662085056,0.6120689511299133,0.3899644017219543,-0.0604741275310516,0.6777602434158325,0.6060164570808411,-0.0247952248901128,0.5797003507614136,0.5700982213020325,-0.0550487227737903,0.5721125602722168,0.6281068325042725,-0.0593553073704242,0.5920993685722351,0.6623602509498596,-0.0587359108030796,0.6667323708534241,0.6358925700187683,-0.0386989116668701,0.5709041953086853,0.6088266968727112,-0.0659635439515113,0.5695382356643677,0.6614439487457275,-0.0526387058198452,0.5914503335952759,0.6902950406074524,-0.0395785234868526,0.6455413103103638,0.6737936735153198,-0.0535817705094814,0.5732420682907104,0.6478635668754578,-0.0763281732797622,0.5688169002532959,0.6872128248214722,-0.0691209957003593,0.5849593281745911,0.7149351239204407,-0.0591338798403739,0.720097286991382,0.6682872248420905,2.7192927660503665,3.03852188053417,3.0708890320402897,2.784025523232146,2.236362995126207,2.456399437484396,3.0114026893466863,3.076197411562452,1.4570207707727496,1.2300948704523285,1.9576788544411456,1.3800471954338842,2.4778277815732213,1.7465347380467602,1.2685532221283071,1.9604787177529783,1.2708021372649512,2.489676941855082,2.192186371782149,1.814661814440931,1.2993910890738296,2.510006252080893,1.0
0.7316272258758545,0.8396035432815552,-2.455808498780243e-07,0.6691883206367493,0.7773593664169312,-0.0011649171356111,0.6387583017349243,0.7156806588172913,-0.0099262343719601,0.6201801300048828,0.668899655342102,-0.0229932256042957,0.6082659959793091,0.6246890425682068,-0.0362071692943573,0.7079077363014221,0.6310985088348389,-0.0043015675619244,0.6797959208488464,0.5526562333106995,-0.0236374121159315,0.6659076809883118,0.5028781890869141,-0.0365876145660877,0.6552172303199768,0.4567728638648987,-0.0463472157716751,0.7196562886238098,0.6412956714630127,-0.0157588068395853,0.6369603276252747,0.6116506457328796,-0.0469927377998828,0.6219188570976257,0.6681148409843445,-0.0540975853800773,0.6330432891845703,0.7059777975082397,-0.0531021915376186,0.7169522643089294,0.6648972630500793,-0.0283386763185262,0.6368241906166077,0.6405567526817322,-0.0587567053735256,0.6281912326812744,0.6913090348243713,-0.0509762167930603,0.6425559520721436,0.727293074131012,-0.0382829084992408,0.7039787173271179,0.6963391900062561,-0.0413249023258686,0.6446565389633179,0.6693582534790039,-0.063733272254467,0.6350863575935364,0.702140212059021,-0.0585540421307086,0.6459357738494873,0.7338380813598633,-0.0485982596874237,0.6736255567009607,0.7225517800588601,2.794846477939225,2.9918954008931102,3.0276490757575174,2.8328326257122027,2.1529017929621763,2.509653416939031,3.069412615341966,3.08127276079336,1.60397439686305,1.0373518134995756,1.978116194483739,1.532869480589678,2.5773438666650743,1.581171466890048,1.3629905121696355,1.979624871196329,1.4017933634209936,2.5837819323761773,2.233717707152606,1.6555059217617256,1.387949390902628,2.527753063685601,1.0
0.5452549457550049,0.8659511804580688,-1.650504941608233e-07,0.5304312109947205,0.7761870622634888,0.0203008912503719,0.4947952628135681,0.7113341689109802,0.0211984105408191,0.4526538848876953,0.6859278082847595,0.0180027112364768,0.4187388122081756,0.6930260062217712,0.0116205438971519,0.4681663811206817,0.6686670184135437,-0.0109041789546608,0.398260623216629,0.6184525489807129,-0.0183515008538961,0.3577750921249389,0.5900608897209167,-0.0205189827829599,0.326596736907959,0.5689233541488647,-0.0221540760248899,0.4429930448532104,0.7059618234634399,-0.0248859226703643,0.3875272274017334,0.699191153049469,-0.0291771478950977,0.4025686681270599,0.731475293636322,-0.0199660304933786,0.4273707866668701,0.7473164796829224,-0.0138595486059784,0.4236931800842285,0.7556061148643494,-0.0354513265192508,0.3806635439395904,0.7491124868392944,-0.0354617908596992,0.3949898183345794,0.7742158770561218,-0.0196278542280197,0.4176363050937652,0.7857521772384644,-0.0105790756642818,0.4075624644756317,0.8085443377494812,-0.0444436185061931,0.3700132369995117,0.792594313621521,-0.0401887856423854,0.3844422399997711,0.8096381425857544,-0.0243178326636552,0.4040438830852508,0.8229336142539978,-0.0126867163926363,0.3412671051806125,0.2591472718117386,2.746845567921571,2.6104935557025497,2.3899644587476434,2.566589703258887,1.5729707086842626,2.6954354232730675,3.097610151913376,3.125795269914772,1.3116956992210569,2.0441400374023435,2.264499673691349,1.0123612769339,2.5882843454122786,1.7875541293943316,1.4266702118878394,2.5213590897723126,0.9960601571153348,2.5901462440481,2.748073389111224,1.4500852289136072,0.844698565297021,2.8579713906445776,1.0
0.5461663007736206,0.9099494218826294,-3.3411882327527564e-07,0.4867480993270874,0.8914570808410645,-0.0115514295175671,0.4378139972686767,0.8395736217498779,-0.0210597421973943,0.4106648862361908,0.7942704558372498,-0.036098126322031,0.4049989283084869,0.7457694411277771,-0.0515313707292079,0.4487809240818023,0.7324599027633667,-0.0007422172930091,0.4200965166091919,0.648021936416626,-0.0224416460841894,0.4000027775764465,0.6003149747848511,-0.0349500887095928,0.3867568969726562,0.5543174147605896,-0.0430867411196231,0.4777892529964447,0.7255184650421143,-0.0108682448044419,0.4355610609054565,0.6976985931396484,-0.0556443631649017,0.4391891360282898,0.7808480262756348,-0.0661565288901329,0.4580691158771515,0.8349125981330872,-0.0601136535406112,0.50743168592453,0.7247904539108276,-0.0241938959807157,0.4659960567951202,0.7062522172927856,-0.0675394758582115,0.4711900949478149,0.7843133807182312,-0.060597289353609,0.4913577139377594,0.8326341509819031,-0.0413224846124649,0.5391073822975159,0.7298325300216675,-0.0386398173868656,0.4989479184150696,0.6957757472991943,-0.0636246800422668,0.4921774864196777,0.7437124848365784,-0.0539832040667533,0.5033362507820129,0.784159243106842,-0.0382597632706165,0.7835657597884996,0.5571741459971156,2.632700971852594,2.885233040076378,2.73515740153124,2.849965116867261,1.5798718674901573,2.823183544182573,3.072417533161514,3.00693475701399,1.8641048678465104,1.295442856953258,2.2642341187345023,1.2108580670860594,2.769644978365998,1.2532125021548923,1.9317729004793445,2.104197694586259,1.1611821934813396,2.7267434130555857,2.3283605214637038,1.014358943158583,0.980420552555541,2.7164529563164272,1.0
0.5459156632423401,0.9114527702331544,-3.4153345040977e-07,0.4877048432826996,0.8956834077835083,-0.0113405380398035,0.4384998083114624,0.8474472165107727,-0.0220551081001758,0.410681277513504,0.8048580288887024,-0.0381231196224689,0.407292366027832,0.7555698156356812,-0.0546264797449111,0.4507900178432464,0.7325544357299805,-0.0037147311959415,0.4205657541751861,0.6486894488334656,-0.0267600994557142,0.4014710485935211,0.5998843908309937,-0.0404825285077095,0.3890794515609741,0.5552031993865967,-0.0490973070263862,0.4798650741577148,0.7265470027923584,-0.0136999348178505,0.4349574744701385,0.7097417116165161,-0.0588866546750068,0.4382168054580688,0.7910408973693848,-0.0701566487550735,0.4569534659385681,0.8439100384712219,-0.0648703724145889,0.5088621973991394,0.727882981300354,-0.0265527423471212,0.4637989103794098,0.7197452783584595,-0.0696758925914764,0.4687269628047943,0.7972006797790527,-0.0626704171299934,0.4886747002601623,0.8445672988891602,-0.0435525476932525,0.5392318367958069,0.7359136343002319,-0.0404531583189964,0.4968582689762115,0.7102480530738831,-0.065011478960514,0.4897801280021667,0.7587620615959167,-0.0549318380653858,0.5008234977722168,0.7976343631744385,-0.0387293174862861,0.8291355417090343,0.6049178289305647,2.6372514515585093,2.881921754561928,2.656835215560498,2.8677643649310927,1.6210394492627211,2.819002724211851,3.115245687175814,3.0182131344650927,1.9343969157034508,1.1970277707710968,2.113069059700448,1.3843183329839055,2.762775379779684,1.1785526724443292,1.9673036560093295,1.941366718696898,1.3330365646308076,2.7211227829381217,2.1896353828209403,0.919398248311328,1.125228641742541,2.700913234955113,1.0
0.724911630153656,0.8562761545181274,-1.4452530194830618e-07,0.6911956071853638,0.8049672245979309,-0.0302502289414405,0.6873323917388916,0.7233369946479797,-0.0481153316795825,0.7245515584945679,0.671842098236084,-0.0655471980571746,0.7685003876686096,0.6465795636177063,-0.0820904299616813,0.7326213121414185,0.6325225830078125,-0.0270828567445278,0.7667909264564514,0.5471596121788025,-0.0551338717341423,0.7951333522796631,0.5010130405426025,-0.0736968889832496,0.8219273686408997,0.4603323340415954,-0.0865560173988342,0.7720789313316345,0.662143349647522,-0.0269400868564844,0.7880145907402039,0.640884518623352,-0.0739654004573822,0.7610034346580505,0.7120451927185059,-0.0846725702285766,0.7412480711936951,0.7594981789588928,-0.0808950364589691,0.8050562739372253,0.6976885795593262,-0.0308220442384481,0.8179025650024414,0.6780260801315308,-0.0748867765069007,0.7852663993835449,0.7412104606628418,-0.0662180483341217,0.76326584815979,0.7793481349945068,-0.0485095232725143,0.8329164385795593,0.7383110523223877,-0.0372372902929782,0.8481290936470032,0.7019070386886597,-0.0661120265722274,0.8220183849334717,0.7426164746284485,-0.0574668832123279,0.8026255369186401,0.772442102432251,-0.0431801490485668,0.6760842758428961,0.3650891789278256,2.584291523859005,2.4867036980602606,2.733715738251616,2.760412216147396,1.823153855876538,2.7966114685916548,2.9763023685532723,3.0633693930567976,1.5889091723951068,1.567931834263503,2.170531834391309,1.216648247546097,2.926143584992144,1.5278764866812902,1.6346008318287142,2.228659314733591,0.9627470018632384,2.8766616995998247,2.6329863183217213,1.2045430965418695,0.4816167069625803,2.9365202653634324,1.0
0.8009113669395447,0.7838326096534729,7.957751222420484e-07,0.7386813163757324,0.7293248176574707,-0.0230634938925504,0.702559232711792,0.634672999382019,-0.0393389202654361,0.7274261713027954,0.5682646632194519,-0.0601062104105949,0.7695789337158203,0.5326469540596008,-0.0800971612334251,0.7462424039840698,0.4861055910587311,-0.0224547758698463,0.7316850423812866,0.3751927614212036,-0.0480394028127193,0.7289721369743347,0.3080286383628845,-0.0628436952829361,0.730807363986969,0.2477133274078369,-0.0726532042026519,0.801567554473877,0.4925357699394226,-0.0351899340748786,0.8256680369377136,0.3586704134941101,-0.0645148828625679,0.8392548561096191,0.2783920764923095,-0.0813468843698501,0.8520268201828003,0.2144390046596527,-0.0883798450231552,0.8483436703681946,0.5315814018249512,-0.0514515787363052,0.8319626450538635,0.4724637866020202,-0.0964434221386909,0.7942825555801392,0.5485758185386658,-0.1005859076976776,0.7734841704368591,0.608867347240448,-0.0894329473376274,0.8865047097206116,0.5868396759033203,-0.0694282054901123,0.8653415441513062,0.5420144200325012,-0.1019879281520843,0.8325636982917786,0.5918569564819336,-0.0974989160895347,0.812049925327301,0.6368194222450256,-0.0858688130974769,0.6873777778963487,0.425904619731406,2.653329372334385,2.42668646494307,2.6525867217276864,2.9825730089618934,1.7537375347764077,2.8634604246359103,3.053279505912494,3.052558647356065,1.9963732962991567,1.6774197674193887,2.945262092844577,3.1282895943789955,3.040867859470163,1.0606034940735092,2.193151602495228,2.542832755003608,0.9626319621980352,2.885957800302901,2.3366546190221524,0.857025246924763,1.0753794844626074,2.9239716585689863,2.0
0.7839744091033936,0.7992019653320312,8.509875897289021e-07,0.7151670455932617,0.7430738806724548,-0.0236543715000152,0.665681779384613,0.6681748628616333,-0.0485616959631443,0.6446598172187805,0.6041780114173889,-0.0776931270956993,0.6579926013946533,0.542961835861206,-0.1046903952956199,0.7126939296722412,0.5161174535751343,-0.0362951979041099,0.6875479817390442,0.3993951380252838,-0.0710289105772972,0.6743097305297852,0.3295823335647583,-0.0899187624454498,0.6708276271820068,0.265163391828537,-0.1012568920850753,0.7673086524009705,0.5185689330101013,-0.0505353771150112,0.7602092027664185,0.3830320239067077,-0.0915625691413879,0.7624281644821167,0.2961958050727844,-0.1132829338312149,0.767335057258606,0.2199672758579254,-0.1218521893024444,0.8130876421928406,0.5510956048965454,-0.0670322254300117,0.7350447177886963,0.5110532641410828,-0.1202114894986152,0.6954500675201416,0.5891419649124146,-0.1220015659928321,0.681517481803894,0.649236798286438,-0.1076151952147483,0.8397790193557739,0.605663537979126,-0.0851171091198921,0.7590650320053101,0.5909981727600098,-0.1225608065724372,0.7206560969352722,0.6446671485900879,-0.1177541390061378,0.7048637270927429,0.6900501251220703,-0.1044132858514785,0.6418654878128909,0.603550521056132,2.849412895598442,2.855456924109083,2.654240929883457,2.978674507178458,1.7373831440454524,2.8400729508896108,3.1082570459097734,2.985613115185041,2.081539945378915,1.5538463229930477,3.0257033345435187,3.052208473457752,3.00294971773416,0.8421272901186878,2.104304020967331,2.0077468035751544,1.5773001853576774,2.795714228118427,1.6480188137638097,1.1609467174072483,1.9363542898069896,2.797335768690196,2.0
0.7170948386192322,0.7268223166465759,4.488138927172258e-07,0.6796190738677979,0.6928349733352661,-0.0179107505828142,0.6613365411758423,0.6363455057144165,-0.0281120389699935,0.6850290298461914,0.5900392532348633,-0.0398721396923065,0.7130731344223022,0.5635557770729065,-0.0507472231984138,0.6666402816772461,0.5508127808570862,-0.0125250676646828,0.6508491635322571,0.4842899739742279,-0.0271317046135664,0.6428660750389099,0.4419273734092712,-0.0363311469554901,0.637555718421936,0.4057030081748962,-0.0418039783835411,0.7012713551521301,0.5496516823768616,-0.0171126034110784,0.7045531868934631,0.4711173474788666,-0.0329470597207546,0.7058276534080505,0.4215534329414367,-0.0423375479876995,0.7092375755310059,0.3821018636226654,-0.0459874980151653,0.732656717300415,0.5677971243858337,-0.0244407523423433,0.7329848408699036,0.5329484343528748,-0.0503947511315345,0.7203169465065002,0.5807808637619019,-0.0526987239718437,0.7145422101020813,0.6179814338684082,-0.045272096991539,0.7597160935401917,0.5970003604888916,-0.0330432839691638,0.7580299973487854,0.5592054128646851,-0.0501820966601371,0.7463617324829102,0.5911034345626831,-0.0450527295470237,0.7404330968856812,0.6218850612640381,-0.0361527875065803,0.6057388753780141,0.3034037653734232,2.610439195990212,2.3698843547639665,2.806993917487669,2.99228246960157,1.7363071409450082,2.856106619840049,3.095821023328707,3.0678996150740354,1.9895882308511088,1.669967406707529,2.976313482728186,3.1220219210757514,3.029058557836492,1.2987493498071812,2.030673518116317,2.646741332266658,0.724890246647289,2.8786957574788783,2.751953748624195,0.9369467997843935,0.467161687843612,2.9400910801320124,2.0
0.7194176912307739,0.7686647772789001,4.97740586524742e-07,0.6706990003585815,0.7749660015106201,-0.0177818350493907,0.6277783513069153,0.7472054958343506,-0.0296827256679534,0.6272993087768555,0.6966318488121033,-0.0440328270196914,0.6345574259757996,0.6583594679832458,-0.05769619718194,0.5969511270523071,0.6504132747650146,-0.0163941085338592,0.547573447227478,0.6071445941925049,-0.0358484759926795,0.5164371728897095,0.5771347284317017,-0.0478051863610744,0.490898072719574,0.5498476028442383,-0.0549989119172096,0.6252999901771545,0.621055006980896,-0.0244818702340126,0.585207462310791,0.5443044304847717,-0.0468228533864021,0.5593581199645996,0.4940730929374695,-0.0606741830706596,0.5405574440956116,0.4516612589359283,-0.0663559585809707,0.6609935164451599,0.6137750744819641,-0.0349549315869808,0.63904869556427,0.5923764705657959,-0.067402459681034,0.6525604724884033,0.6475659012794495,-0.070468932390213,0.6664081811904907,0.6850093603134155,-0.0619235821068286,0.6986353397369385,0.6197072267532349,-0.046669241040945,0.6756840348243713,0.6043066382408142,-0.069156065583229,0.6805321574211121,0.6501437425613403,-0.0635134130716323,0.6887912750244141,0.6851862668991089,-0.0529129840433597,0.905893749874534,0.5164224248153118,2.4591025174014343,2.1872946389093704,2.94433938771389,2.943768169388892,1.5610258278306404,2.710139034541527,3.09245772639649,3.047523849161062,1.7602445625987753,1.926979442814213,3.0000323933975537,3.1281575735464475,3.010015726309266,1.3999265534781429,1.8985783607024715,2.4323288588096363,0.9973276183673346,2.853531847758276,2.319764136696212,1.0620722378899692,0.9635946721804096,2.935982676574551,2.0
0.6446883678436279,0.9223945736885072,5.336935373634333e-07,0.5888049006462097,0.9270364046096802,-0.0218270178884267,0.5295165181159973,0.900000810623169,-0.0378625951707363,0.5140364170074463,0.8536460399627686,-0.0570337921380996,0.5230666399002075,0.8062202334403992,-0.0752508267760276,0.5038019418716431,0.7538778185844421,-0.0206690225750207,0.4462392926216125,0.6951534748077393,-0.0454031415283679,0.4110485017299652,0.6559643745422363,-0.0610666722059249,0.3820749521255493,0.617385983467102,-0.070933498442173,0.5438175201416016,0.7252044677734375,-0.0310343764722347,0.498814582824707,0.634487509727478,-0.0589096285402774,0.4694747030735016,0.5771422386169434,-0.0758031234145164,0.4452420771121979,0.5259600877761841,-0.0829484835267067,0.589995265007019,0.7209194898605347,-0.0443768687546253,0.5485089421272278,0.7174409627914429,-0.0864656567573547,0.554306149482727,0.7951806783676147,-0.0912123918533325,0.5654811859130859,0.8464856147766113,-0.0812945589423179,0.6347924470901489,0.7362208366394043,-0.0591961182653903,0.5943746566772461,0.7415928840637207,-0.0898809134960174,0.5930604934692383,0.8085281252861023,-0.0859456211328506,0.6003297567367554,0.855747401714325,-0.0748504549264907,0.9665840120741211,0.7234343299585972,2.638527156420485,2.351153527056961,2.665694873416298,2.928649387941154,1.6549710857835482,2.708184632145362,3.099595944402369,3.01980880790903,1.8337479307635185,1.7784340429156178,3.0116276982616688,3.1245430792651474,3.007201110526176,1.0828728057687962,2.024835881431451,1.96369758410836,1.5034506957265146,2.857540254014292,1.6929487026758565,1.0435211412748358,1.6562074559084188,2.901272348840188,2.0
0.6522771716117859,0.6934970617294312,5.010551262785157e-07,0.5923940539360046,0.680748462677002,-0.0212134514003992,0.5437154173851013,0.6357859373092651,-0.0355202183127403,0.5411412119865417,0.5731173157691956,-0.0533419698476791,0.557159960269928,0.5231407880783081,-0.0699286162853241,0.5274177193641663,0.5071328282356262,-0.0138695370405912,0.4797425270080566,0.442462295293808,-0.0368781648576259,0.4508055448532104,0.3978151679039001,-0.0519975647330284,0.4284252822399139,0.3566888570785522,-0.0615724846720695,0.5648916363716125,0.4815317988395691,-0.0233093407005071,0.5346101522445679,0.3827128410339355,-0.0491613186895847,0.5134649276733398,0.3238149285316467,-0.0645387172698974,0.4992278218269348,0.274087905883789,-0.0710574761033058,0.6080496311187744,0.4824652969837188,-0.0363675244152545,0.5831749439239502,0.4382283687591553,-0.0755157396197319,0.5854703783988953,0.5083518028259277,-0.0783633291721344,0.5934906601905823,0.5605669617652893,-0.067986249923706,0.6531458497047424,0.5011447668075562,-0.0510634146630764,0.6294041275978088,0.4627955853939056,-0.0777898579835891,0.6245189309120178,0.5146121382713318,-0.0714942067861557,0.6266481280326843,0.5599818229675293,-0.0595362372696399,0.7999176154458021,0.5280348158462068,2.612336625403868,2.3796076643598494,2.804063016665555,2.9199761697783444,1.5485304730390097,2.721493811054587,3.0836647966280397,3.0357784363975333,1.7935671013817764,1.909114707516138,2.9707935093469686,3.0954631249108644,3.0091301923349487,1.3604296294749167,2.0044022582814587,2.5795516684941644,0.8269106604952271,2.878576396826877,2.560385561723748,1.0219672382094347,0.7347582416859441,2.9469076331156354,2.0
0.6911979913711548,0.8095943927764893,8.092468419818033e-07,0.6629080772399902,0.7318453192710876,-0.0299915093928575,0.6767885088920593,0.645698606967926,-0.0493633635342121,0.7302080988883972,0.6223146915435791,-0.0705844312906265,0.7810786366462708,0.618485689163208,-0.0903869345784187,0.7503210306167603,0.5559931993484497,-0.0304687935858964,0.7813555598258972,0.4638959467411041,-0.0571077242493629,0.8045135140419006,0.4097225964069366,-0.0723334029316902,0.8285512328147888,0.3650524616241455,-0.081738606095314,0.7933566570281982,0.5941581726074219,-0.0378394238650798,0.8628019094467163,0.5183595418930054,-0.0691318288445472,0.9082990288734436,0.4730229377746582,-0.0866530090570449,0.9480279684066772,0.4405678510665893,-0.0935941636562347,0.8159148097038269,0.6513773798942566,-0.0487491488456726,0.8352066278457642,0.613638162612915,-0.0910917073488235,0.7832858562469482,0.6552817225456238,-0.0926946848630905,0.7506077289581299,0.688967227935791,-0.0804383605718612,0.8264299035072327,0.7151936292648315,-0.0619650334119796,0.8387784957885742,0.6739289164543152,-0.0909494161605835,0.8002591133117676,0.6965228319168091,-0.0839006826281547,0.7721584439277649,0.7200552225112915,-0.0706251338124275,0.6064420877947799,0.3689600245050213,2.637119711559317,2.1785020846422216,2.825181044580092,2.9636183136635035,1.9169979340694676,2.8442659515674253,3.063918292450461,3.029758787939306,1.9410953298685076,1.623200299118612,2.8195449613218093,3.089051175172656,2.978159081363879,1.2267555927834146,2.000028608999118,2.569563516223236,0.8916661562799918,2.836068771771641,2.5061656374077046,0.903690098087443,0.813556454357359,2.891761535926357,2.0
0.695180356502533,0.860675036907196,6.151597631287586e-07,0.7083795666694641,0.7553289532661438,0.0085722701624035,0.6823204755783081,0.6744550466537476,0.0064621460624039,0.6403757929801941,0.6474803686141968,0.0002042659907601,0.6056307554244995,0.6447274088859558,-0.0072167790494859,0.6719513535499573,0.6346384286880493,-0.0065922527574002,0.6604985594749451,0.5327725410461426,-0.0206734202802181,0.6565724015235901,0.4709288477897644,-0.029101138934493,0.653365433216095,0.4229741096496582,-0.0321049690246582,0.6324942111968994,0.6543921232223511,-0.0168230328708887,0.5898501873016357,0.5568135976791382,-0.0270842891186475,0.5625399947166443,0.4999162256717682,-0.0318422876298427,0.5393798351287842,0.459290862083435,-0.0342798456549644,0.5993695855140686,0.6875723600387573,-0.0251527577638626,0.5749948620796204,0.6241161823272705,-0.0331534855067729,0.5941750407218933,0.6438624858856201,-0.0269544348120689,0.6085178852081299,0.6718339323997498,-0.0184847824275493,0.573948085308075,0.725570559501648,-0.0328996405005455,0.5624245405197144,0.6699426770210266,-0.0314800478518009,0.5793932676315308,0.680721640586853,-0.0172296930104494,0.5919780731201172,0.7012817859649658,-0.0040567237883806,0.2519347611496766,0.0966749153056569,2.6930522619648904,2.4490589461358283,2.648945238468146,3.0336660975689496,1.87777770428221,2.9611237025393624,3.093461543764827,3.068761864241402,1.9192872690344644,1.5419135193168902,3.0236332974448907,3.100550809135521,3.067401787736819,1.183351814084215,2.1471398699251503,3.003531582549676,0.4115061372436025,2.850313120141097,2.578688973094735,0.8021284052283199,0.9843530049502484,2.739363176965299,2.0
0.5769908428192139,0.9576278328895568,5.603754971161834e-07,0.5806170701980591,0.8520984053611755,0.0046626781113445,0.547864556312561,0.7725380659103394,0.0089742708951234,0.5032829642295837,0.7591069340705872,0.0104769747704267,0.4718169867992401,0.7688838839530945,0.0121134985238313,0.4906032383441925,0.7373279929161072,0.0014287213562056,0.4430143237113952,0.6434330344200134,-0.0080063417553901,0.4144748747348785,0.5907890200614929,-0.0122303077951073,0.3915787935256958,0.5534701347351074,-0.0117778331041336,0.4542021155357361,0.7820256352424622,-0.0025049950927495,0.38329017162323,0.7191277742385864,-0.0056549534201622,0.3432819247245788,0.6808027625083923,-0.0080006700009107,0.3115720748901367,0.6584742069244385,-0.0072166044265031,0.4385832548141479,0.8330932855606079,-0.0056554269976913,0.4300810098648071,0.8048583269119263,-0.0087540168315172,0.4600717723369598,0.8036192059516907,-0.010623768903315,0.4824575185775757,0.8151879906654358,-0.0067603243514895,0.4343200325965881,0.8857198357582092,-0.0086467936635017,0.4445238709449768,0.8607968091964722,-0.0068385428749024,0.4669559299945831,0.8645563721656799,-0.001680719316937,0.4835457503795624,0.8754581809043884,0.006202608346939,0.4096773827933754,0.2838261020817232,2.717156143356412,2.2545824040182643,2.5479790020839737,3.006749949907584,1.9796100371067324,2.9347159796066675,3.1081118310812013,3.0447275939567837,1.9963689778755147,1.5310538433251717,2.905672430280623,3.102220072117692,2.978737887377995,0.6108024126583195,2.7353919075885407,2.5923215911382758,1.3281985001756296,2.582155296614326,1.645132223881829,0.307346749789691,1.8024383226125893,2.7163837277259235,2.0
0.7103605270385742,0.8381816744804382,5.918174110774999e-07,0.7125512957572937,0.7364621758460999,0.0161252189427614,0.6847682595252991,0.6651448607444763,0.0161872692406177,0.6443823575973511,0.6480646133422852,0.0108973961323499,0.6122148633003235,0.6488474011421204,0.0041327215731143,0.6785001754760742,0.6301819086074829,-0.0047349142841994,0.6667398810386658,0.5352299809455872,-0.022103015333414,0.6624418497085571,0.4733510613441467,-0.0328686721622943,0.661530077457428,0.4241990447044372,-0.0371046476066112,0.6457887291908264,0.6472668051719666,-0.0179886985570192,0.6043779850006104,0.5547958612442017,-0.0296724513173103,0.5801919102668762,0.4983534514904022,-0.0340336188673973,0.5617800354957581,0.4573546350002289,-0.0365081615746021,0.6163292527198792,0.6769161224365234,-0.0288367811590433,0.580954372882843,0.6176561713218689,-0.0353610031306743,0.5958738923072815,0.6360881328582764,-0.0261826142668724,0.6112833023071289,0.6598609685897827,-0.0162778906524181,0.5924253463745117,0.7131451368331909,-0.0387696772813797,0.5686687231063843,0.6608721017837524,-0.036280695348978,0.5820949077606201,0.6732637286186218,-0.0209010355174541,0.5960444808006287,0.6924763917922974,-0.0070607578381896,0.2493535419625202,0.1953852852196395,2.720145103882708,2.335277675217253,2.7140702983229903,2.98194047152426,1.8381573378858385,2.957790680043681,3.0879830764673053,3.042022081839735,1.8931000155832571,1.5531930420403162,3.0437316783411776,3.09481671273216,3.1181569685308106,1.353925775528506,1.9829652262750164,3.081704614198321,0.3077115401252585,3.03737987309176,2.720354299301021,1.0147910799304505,0.8278948603601509,2.9061695524749047,2.0
0.6908859610557556,0.8153316974639893,6.90143338033522e-07,0.6666587591171265,0.7417382001876831,-0.0252326000481843,0.6800313591957092,0.6605165004730225,-0.0415274128317832,0.7308619022369385,0.6422223448753357,-0.0599778182804584,0.7764664888381958,0.644883930683136,-0.0778217241168022,0.745647132396698,0.5816170573234558,-0.0253745466470718,0.77089524269104,0.4955760836601257,-0.0502909235656261,0.7895626425743103,0.4428622722625732,-0.0646263659000396,0.808401882648468,0.3986607491970062,-0.0735130533576011,0.7848142385482788,0.6181282997131348,-0.0334493927657604,0.8455074429512024,0.5431582927703857,-0.0620462112128734,0.8839558959007263,0.4978118538856506,-0.0781242996454238,0.9181628227233888,0.4634186625480652,-0.084389328956604,0.8058333396911621,0.6731859445571899,-0.044551782310009,0.821868360042572,0.6358316540718079,-0.0837820991873741,0.774648129940033,0.676440954208374,-0.0846314057707786,0.7473442554473877,0.7094869017601013,-0.072771780192852,0.8142715096473694,0.7361016273498535,-0.0574756823480129,0.8187059760093689,0.698896586894989,-0.0840576067566871,0.7820361852645874,0.7233098745346069,-0.0761164873838424,0.7600835561752319,0.7476846575737,-0.062783695757389,0.5742939292299235,0.3519126534416051,2.661500935785288,2.1116301547215253,2.7602948736067283,2.967231310975581,1.9683940556820625,2.821958910673493,3.084861745558696,3.050149285777755,2.0043162278885123,1.547087152206842,2.8741650001591577,3.109062236471169,2.985181012633481,1.182070543399517,2.056312873149284,2.5632194669410007,0.8804380116840731,2.8120127961401424,2.338096644186648,0.8519313121567177,0.8976958172932017,2.824369481570912,2.0
0.6994493007659912,0.8431302309036255,7.010081048974826e-07,0.6488929986953735,0.8015612363815308,-0.0263059567660093,0.6235909461975098,0.7347725033760071,-0.0447899252176284,0.6535009145736694,0.691501259803772,-0.0653690993785858,0.6884845495223999,0.6621872186660767,-0.0848576202988624,0.6445763111114502,0.6113731265068054,-0.0294664949178695,0.6244081258773804,0.5134032964706421,-0.0559963807463645,0.6136144995689392,0.4517388343811035,-0.0708116292953491,0.606415867805481,0.3984164595603943,-0.0796373933553695,0.6926320195198059,0.6144514679908752,-0.0380052216351032,0.7037633657455444,0.5039515495300293,-0.0668974220752716,0.7115825414657593,0.4345934689044952,-0.0823778584599495,0.7199400663375854,0.3775676488876343,-0.0883122906088829,0.7336826324462891,0.646478533744812,-0.0497154705226421,0.7273019552230835,0.6053373217582703,-0.0912339240312576,0.7078298330307007,0.6763162016868591,-0.0931221768260002,0.6993129253387451,0.7276738882064819,-0.0813408941030502,0.7684005498886108,0.6947205066680908,-0.0631966441869735,0.7560737729072571,0.6657631397247314,-0.0929030403494834,0.7333027720451355,0.714623212814331,-0.0863868445158004,0.7204024791717529,0.7535808086395264,-0.0733982622623443,0.6780960669728471,0.4105486529294021,2.631579843086479,2.218317142256864,2.8912791958740245,3.00239480890884,1.7786274737651289,2.8405650882923816,3.1021613782864663,3.0619630866784275,2.035338872682973,1.6495406947394282,2.985755787999849,3.1035499922013745,3.021374615223014,1.2148789331952292,2.048215180139747,2.534856809838659,0.8921358255168141,2.8730024186792043,2.348154841374072,1.0002907883537588,0.9703371444878112,2.923494833006629,2.0
0.6881961226463318,0.8455851078033447,6.270734047575388e-07,0.6212404370307922,0.8163045644760132,-0.0127446129918098,0.579712450504303,0.7607606053352356,-0.0267006568610668,0.5539140701293945,0.7248735427856445,-0.0450769551098346,0.533069372177124,0.6835712790489197,-0.0617127604782581,0.601049542427063,0.6357519626617432,-0.0175619982182979,0.563405454158783,0.5572930574417114,-0.0423349998891353,0.5422736406326294,0.5073584318161011,-0.0572848357260227,0.5275632739067078,0.461260974407196,-0.0666988417506218,0.6349667906761169,0.630397379398346,-0.0309862289577722,0.6052588224411011,0.5339078903198242,-0.063816912472248,0.5921125411987305,0.4693701267242431,-0.0844248458743095,0.5819920897483826,0.4127216041088104,-0.093807578086853,0.6636722087860107,0.6483728289604187,-0.0457112975418567,0.5874341130256653,0.6315883994102478,-0.0861977040767669,0.5638571381568909,0.6997719407081604,-0.0875543728470802,0.5578131675720215,0.746030330657959,-0.0766522884368896,0.6791984438896179,0.6858695149421692,-0.0615358985960483,0.6072851419448853,0.6873296499252319,-0.0900968760251998,0.586164653301239,0.7373086810112,-0.0859914422035217,0.5807462930679321,0.7748079299926758,-0.0753083527088165,0.7643290899163823,0.5539234442020337,2.633476483574328,2.9453293235660207,2.98827832178515,2.9345585957080886,1.7285659844711825,2.72617592810281,3.095564823367458,3.023994444576916,2.137167470123642,1.5579640146229694,2.9577618486351427,3.0478253826472943,2.998044167114622,0.9481599453483552,1.88184197793535,1.973659020393538,1.6826010690579531,2.8218698226951187,1.7352348788991474,1.3889000804877354,1.9285376591061083,2.8203641221073155,2.0
0.3164689540863037,0.9338085651397704,6.8227751626182e-07,0.254705011844635,0.9288504123687744,-0.0189166273921728,0.2015508413314819,0.885428786277771,-0.0357285439968109,0.1801056563854217,0.8448070883750916,-0.0557857155799865,0.1816280633211136,0.8029147386550903,-0.0742144659161567,0.2054464221000671,0.7395559549331665,-0.0260259266942739,0.1555447876453399,0.6604690551757812,-0.0491698011755943,0.1289753764867782,0.6104479432106018,-0.0617917701601982,0.1117272973060607,0.5618261694908142,-0.0702822878956794,0.249967873096466,0.7179136872291565,-0.0360374264419078,0.2265798449516296,0.6169063448905945,-0.0650942847132682,0.2197443544864654,0.5489326119422913,-0.0809041410684585,0.2176474332809448,0.4903057217597961,-0.0873658657073974,0.2930730283260345,0.7249882221221924,-0.0479187816381454,0.2333862036466598,0.7135334014892578,-0.0870497375726699,0.2148213684558868,0.7902352213859558,-0.0886931419372558,0.2122929692268371,0.8462832570075989,-0.0784084647893905,0.329631894826889,0.7525811791419983,-0.0612889342010021,0.2734147310256958,0.7646082043647766,-0.0904239490628242,0.2548048794269562,0.8221459984779358,-0.0879094824194908,0.2505393922328949,0.8665105104446411,-0.0787465870380401,0.9647372795910784,0.6563428208045058,2.556416008252316,2.726388332616744,2.664300683698458,3.0077139662478896,1.628040864053109,2.773620104296528,3.0652994353277023,2.9864129128380514,1.8573025574638315,1.8379628808801696,3.007143442114817,3.0100251301394785,3.007836716409616,0.8380118209696507,2.1804956631465804,1.9428659518659133,1.6223083041451891,2.863203469105711,1.4789189785471102,1.1221624366110468,2.01176441105647,2.872789720134211,2.0
0.3595450222492218,0.7604256272315979,5.992649221298052e-07,0.3025142252445221,0.7374248504638672,-0.0156623441725969,0.2637692093849182,0.6814191341400146,-0.0301098451018333,0.2538321316242218,0.6309688091278076,-0.0486803725361824,0.2630588412284851,0.5898007154464722,-0.0665690973401069,0.2853081822395324,0.5551916360855103,-0.0184873268008232,0.2538909614086151,0.4738411903381347,-0.0387311801314353,0.2378661036491394,0.424526572227478,-0.0506138913333416,0.2289328426122665,0.3776249587535858,-0.058810070157051,0.3242344558238983,0.5464078187942505,-0.0296186711639165,0.3186833262443542,0.4404246807098388,-0.0553075596690177,0.3220746219158172,0.3740842044353485,-0.0702605098485946,0.3288580775260925,0.319473385810852,-0.0769107714295387,0.3620281517505646,0.5618850588798523,-0.0426950603723526,0.3231201767921448,0.5187715291976929,-0.0789620354771614,0.2956304550170898,0.5797020792961121,-0.0827525481581687,0.2833825945854187,0.6294149160385132,-0.0751328393816948,0.3953901529312134,0.5918160080909729,-0.056767176836729,0.3544083535671234,0.565506100654602,-0.0841217637062072,0.3296187818050384,0.6119562983512878,-0.0818025469779968,0.3174997866153717,0.6548365354537964,-0.0736370831727981,0.8432059282152156,0.5426650434087873,2.5736192380267817,2.723922879554318,2.7519120970306816,2.996448459072781,1.6471863454292075,2.796458613608874,3.0885463873005725,3.0062911286410303,1.9000932891346771,1.7938773020742989,2.992316345677717,3.039626569820835,3.017772044895572,0.96845192309634,2.2732408634120764,2.37456013467526,1.2558734959694944,2.868083792481183,2.032954059490455,0.830576573389808,1.4790779868120565,2.8880133477459653,2.0
0.4234884679317474,0.7721285820007324,4.771607109432807e-07,0.3760037720203399,0.7470127940177917,-0.0078520905226469,0.3453463613986969,0.6921199560165405,-0.0159608144313097,0.3369603455066681,0.6492704153060913,-0.0290922410786151,0.3398100137710571,0.6121614575386047,-0.0416349507868289,0.3684521615505218,0.593682050704956,-0.0048194355331361,0.3453984558582306,0.519877016544342,-0.0209373198449611,0.3328249752521515,0.4766393899917602,-0.0300122313201427,0.3255165517330169,0.43745157122612,-0.0355444550514221,0.3988095819950104,0.588579535484314,-0.0164696611464023,0.3958321213722229,0.4942483603954315,-0.0385496728122234,0.3952362537384033,0.4352956712245941,-0.0510066673159599,0.3982516825199127,0.3873752951622009,-0.0553353540599346,0.4282218515872955,0.6011592745780945,-0.0298919975757598,0.3925278484821319,0.5578780174255371,-0.0613626800477504,0.3699097037315368,0.610183596611023,-0.0624271221458911,0.3630311787128448,0.6526264548301697,-0.0528312176465988,0.4545681476593017,0.6255273818969727,-0.0438187047839164,0.418719083070755,0.5924370884895325,-0.0652845874428749,0.3989583551883697,0.6324007511138916,-0.0598433502018451,0.3930248618125915,0.6693631410598755,-0.0496964156627655,0.7906725494238748,0.4822911122053793,2.5719280620295715,2.7921161095081213,2.882425732725237,2.961853065063816,1.6229351219622743,2.80366473475808,3.1211270501396533,3.0268481887966603,1.865874948783995,1.7753946815892891,2.968217894846489,3.111522108381081,3.003036245528329,1.0178992086163676,2.250680439709112,2.3915395795710075,1.172189417980051,2.79940320854655,2.167678964964293,0.7846779135218088,1.2605620479954662,2.814424068777204,2.0
0.7820226550102234,0.8007650971412659,-2.5981810480857348e-08,0.7114068269729614,0.7696839570999146,-0.0013905016239732,0.6480748057365417,0.7044980525970459,-0.0057529471814632,0.5982997417449951,0.672904908657074,-0.0163686964660882,0.5619587898254395,0.6427428126335144,-0.0255325641483068,0.6734563112258911,0.5632640719413757,0.0129015026614069,0.6131999492645264,0.5194265842437744,-0.0253692530095577,0.5845093727111816,0.5618565082550049,-0.0578188225626945,0.5808035731315613,0.6087436079978943,-0.0725130438804626,0.6965275406837463,0.5310409069061279,-0.0023146807216107,0.654745876789093,0.4255351722240448,-0.0219471212476491,0.6311511397361755,0.3532230257987976,-0.0335288159549236,0.6165271401405334,0.2916007339954376,-0.038766860961914,0.7332776784896851,0.5234780311584473,-0.024089328944683,0.72010737657547,0.4120031893253326,-0.0431108996272087,0.7133654952049255,0.3419374823570251,-0.0467895045876503,0.7084396481513977,0.2809026837348938,-0.0452513359487056,0.773608386516571,0.5393640995025635,-0.0477232411503791,0.7841445803642273,0.4459074139595032,-0.0611291155219078,0.7958809733390808,0.3830642104148865,-0.0572257116436958,0.8070257902145386,0.3271323442459106,-0.0503043942153453,0.7302930884495568,0.6000999025826865,2.755462012410694,2.875042052216064,3.015842086971944,2.4211430603999564,1.3999130909213815,2.229671899829784,1.7912417005322243,2.6081082799145867,1.632900342848358,2.1643756398988385,2.964175945829767,3.0774595728986327,3.034834891352892,1.728004704913503,1.906649644497893,3.041906477048921,3.023956590494702,3.0627480276632046,2.993819987353784,1.4117341017355598,2.9265465408582307,3.0806131824354845,3.0
0.7911149263381958,0.8393036127090454,9.231334985315699e-08,0.7158889770507812,0.816443681716919,-0.0245695635676383,0.6530587077140808,0.7666879892349243,-0.047074370086193,0.608619213104248,0.7263514399528503,-0.0734680518507957,0.5873169898986816,0.676766037940979,-0.0965275391936302,0.6616253852844238,0.5914658904075623,-0.0106788929551839,0.6085569858551025,0.5240587592124939,-0.064348816871643,0.5946148633956909,0.5857067704200745,-0.1075623631477356,0.5999247431755066,0.6484728455543518,-0.1287599205970764,0.701948344707489,0.5508067607879639,-0.0214760191738605,0.6550525426864624,0.4328235387802124,-0.0500833839178085,0.6280419826507568,0.35809126496315,-0.0733674839138984,0.6054764986038208,0.2863746881484985,-0.0891963541507721,0.756443440914154,0.5409744381904602,-0.0411535240709781,0.7301432490348816,0.421352207660675,-0.0697518661618232,0.712803065776825,0.3493708670139313,-0.0864801108837127,0.6927447319030762,0.2834712564945221,-0.0959930568933487,0.8186653256416321,0.5620796084403992,-0.0639612302184104,0.8345914483070374,0.4652758836746216,-0.0821890980005264,0.8427678942680359,0.4008435010910034,-0.0844930782914161,0.8454005122184753,0.3425095677375793,-0.0841775014996528,0.8233459201391357,0.7370554106503866,2.7812998312450152,2.987452732211328,2.7492559691385203,2.592244456933821,1.3692750631139703,2.3999245746139084,1.428818104123378,2.754112959942921,1.67987670737871,2.0085722597982625,2.972134146070621,3.071225534830096,3.0540287548772898,1.61216396388411,1.9835375029269084,3.005619784952548,3.12084016240753,3.038655601634078,3.066170766975998,1.4789709515613887,2.988900725757679,3.0507701809615284,3.0
0.7959702014923096,0.8352450132369995,5.8767884780763786e-08,0.7181100845336914,0.8121461272239685,-0.021652951836586,0.6571810245513916,0.7605246305465698,-0.0426185317337513,0.6113722920417786,0.722579836845398,-0.0672433897852897,0.583740770816803,0.670756459236145,-0.0880378261208534,0.6596851348876953,0.5928436517715454,-0.0066944118589162,0.6052107214927673,0.5162081718444824,-0.0585675649344921,0.5930041074752808,0.5714468955993652,-0.1011477336287498,0.6025495529174805,0.6313660740852356,-0.1217859163880348,0.6989038586616516,0.5510867834091187,-0.0172496866434812,0.6532468795776367,0.4295640587806701,-0.0425034537911415,0.6288280487060547,0.3536607027053833,-0.0613466538488864,0.6116669178009033,0.2839498221874237,-0.0741172134876251,0.7498657703399658,0.542174756526947,-0.0367582589387893,0.7303891181945801,0.4200304448604584,-0.0570444874465465,0.719753623008728,0.3430926203727722,-0.0639977380633354,0.7070245742797852,0.2739772796630859,-0.0676517635583877,0.8061286211013794,0.5640330910682678,-0.0600749813020229,0.8016232848167419,0.4688542485237121,-0.0709860250353813,0.7936421036720276,0.4078997373580932,-0.0655968338251113,0.78155916929245,0.3549271821975708,-0.0600612722337245,0.7960492968274655,0.682939828794345,2.741064261416936,3.005430842313489,2.7748733337066787,2.6510253738677614,1.3102856092466724,2.476165556178712,1.3910225948608774,2.6845782156629707,1.6736938750565116,2.0497667985616026,3.0035488103597565,3.0798775624078765,3.0531639558679715,1.64181223972674,1.98885239321398,3.102246487945987,3.065475441975676,3.083386875440472,3.008335093004716,1.2290974999977045,2.923806198334797,3.0468940472330512,3.0
0.6471610069274902,0.9120049476623536,-2.4774342577416064e-08,0.5648602247238159,0.9234663844108582,-0.0138821341097354,0.4882997572422027,0.9030832648277284,-0.0270664654672145,0.4294484853744507,0.8989821672439575,-0.0462377406656742,0.3850423693656921,0.8697428107261658,-0.0628666877746582,0.45907923579216,0.7457861304283142,0.018196826800704,0.3949483931064605,0.7271681427955627,-0.0247486140578985,0.383290946483612,0.7829159498214722,-0.0620650686323642,0.395231544971466,0.8320958614349365,-0.0789595022797584,0.4714832305908203,0.7072364091873169,0.0070024998858571,0.4035693407058716,0.6367611289024353,-0.0072122388519346,0.3567975163459778,0.6027330756187439,-0.0154945123940706,0.317780077457428,0.5683847069740295,-0.0194213762879371,0.5048770904541016,0.6841902732849121,-0.0144086517393589,0.4571210741996765,0.5898393392562866,-0.0285812262445688,0.4227631986141205,0.5315746068954468,-0.0277817081660032,0.393168032169342,0.4803200662136078,-0.0243717599660158,0.5469563007354736,0.6850382685661316,-0.0399648733437061,0.5166736841201782,0.5994201302528381,-0.0491692647337913,0.4953107833862304,0.5435330271720886,-0.0419732481241226,0.4750234186649322,0.4926363825798034,-0.033566940575838,0.8914023117274099,0.8336408051484182,2.7485184436436634,2.90388793564234,2.653485351368916,2.373782065770615,1.4496948657333504,2.1229285962848907,1.81598480250355,2.6679336164650373,1.645663038989189,2.082181641270046,2.961919558691268,2.9684388209405856,3.027633686633484,1.7522088912608154,1.9058265652627489,3.021935387818226,2.983026043747579,3.0949552887428324,3.046238772847519,1.32087441969761,2.919465171525085,3.1061468483140584,3.0
0.5811638236045837,0.7850646376609802,-1.281462260749322e-07,0.5453091859817505,0.6777888536453247,-0.0112508740276098,0.5516861081123352,0.5494990944862366,-0.0182720627635717,0.5574613213539124,0.4557660818099975,-0.0311789251863956,0.5688591003417969,0.3796405494213104,-0.0425492003560066,0.6553111672401428,0.5029799342155457,0.0208981782197952,0.667273998260498,0.406213641166687,-0.018258836120367,0.6397162079811096,0.3876921534538269,-0.0535212010145187,0.6164860129356384,0.3970414996147156,-0.0716646015644073,0.7016352415084839,0.5110213756561279,0.0064586903899908,0.7327272295951843,0.3931910395622253,-0.0120113939046859,0.7489029765129089,0.3099931478500366,-0.0309342090040445,0.7652336359024048,0.2392464578151703,-0.0441459976136684,0.7413224577903748,0.5514513254165649,-0.0169489029794931,0.7940488457679749,0.4425199031829834,-0.0382623113691806,0.8285282254219055,0.3705585598945617,-0.0516043528914451,0.8582170009613037,0.3060992956161499,-0.0592575073242187,0.7705166935920715,0.6123600602149963,-0.0430435985326767,0.8311242461204529,0.5420657396316528,-0.0591088682413101,0.8701189756393433,0.4976917505264282,-0.0617854557931423,0.9021711349487304,0.454390287399292,-0.0622761622071266,0.6034682976312781,0.551544545857293,2.7678508361693,3.058771510337303,3.0547950401224058,2.6695806596839984,1.5046796307235268,2.4540243365931573,2.1636296905964763,2.402335446449157,1.9932294759737208,1.6964075810458117,2.909615114556276,3.046745152468409,3.089260963044324,1.32777438914059,2.106172109887762,2.953589116055968,3.1320934520027786,3.08143180237544,3.0233784971017483,1.2589096335977177,3.0151322522388533,3.050390939389139,3.0
0.729738175868988,0.8404592871665955,-1.751523370785435e-07,0.7758413553237915,0.6997565031051636,0.0754090547561645,0.7674193382263184,0.5941612124443054,0.1128328442573547,0.72858726978302,0.522311806678772,0.1390256583690643,0.6900277733802795,0.498135507106781,0.1616048663854599,0.74614417552948,0.5088163614273071,0.0497502423822879,0.6905832886695862,0.4116058647632599,0.0798661261796951,0.660977303981781,0.4095309674739837,0.1116022169589996,0.6447446942329407,0.4251605272293091,0.1313301473855972,0.6887369155883789,0.5116563439369202,0.0172914657741785,0.6500443816184998,0.3628230392932892,0.031300775706768,0.6321014761924744,0.2925392687320709,0.048308327794075,0.6219809055328369,0.2433412075042724,0.060242336243391,0.6334430575370789,0.5501894354820251,-0.0073646032251417,0.5887610912322998,0.3873439431190491,-0.0061236615292727,0.5645452737808228,0.3021008372306824,-0.0123190796002745,0.5512197017669678,0.2357547879219055,-0.0175472032278776,0.5836107730865479,0.6159681081771851,-0.0216797497123479,0.5143301486968994,0.5104688405990601,-0.0309037752449512,0.4768553376197815,0.4575723707675934,-0.0365557968616485,0.4504233598709106,0.4140335619449615,-0.0396618358790874,0.409745769292929,0.4773182055635672,2.755202683647057,2.7466853008027243,2.642429574346922,2.5740119548524465,1.315066428679291,2.606154533035432,2.1606577522547266,2.541863451219493,1.934383122276772,1.7030192942051443,3.006006847115493,3.002069985119253,3.0956830041933894,1.2488190283147214,2.215773060668547,3.0803868832840533,3.063922610450472,3.062889723198932,3.1328081394866416,1.248712470139517,3.1037057359263995,3.0663673295049048,3.0
0.6932157278060913,0.8097798824310303,-3.3088589646013133e-08,0.6103044748306274,0.7592729330062866,-0.0084120379760861,0.5452561378479004,0.6803208589553833,-0.0203658826649189,0.4938645362854004,0.6283313035964966,-0.0393076054751873,0.468268871307373,0.5748852491378784,-0.0569033026695251,0.5968008041381836,0.5174677968025208,0.0111683318391442,0.5488680005073547,0.4365295171737671,-0.0310625191777944,0.5146183371543884,0.466698944568634,-0.0674203783273696,0.4998732209205627,0.5131229758262634,-0.0861977189779281,0.6315181851387024,0.4863944351673126,-0.0069195730611681,0.5862140655517578,0.3638229668140411,-0.0287520624697208,0.5541126132011414,0.2859458327293396,-0.0486108064651489,0.5276051759719849,0.2155537903308868,-0.0626290366053581,0.6797555685043335,0.4853119254112243,-0.0329332649707794,0.6577289700508118,0.3572245240211487,-0.0586200542747974,0.6412973403930664,0.271451860666275,-0.0761578530073165,0.6252911686897278,0.1937370598316192,-0.087292656302452,0.7323059439659119,0.5124726891517639,-0.0609015338122844,0.7604796886444092,0.4093851149082184,-0.0820037573575973,0.7822213768959045,0.3370529413223266,-0.0888189598917961,0.7999683618545532,0.2703642845153808,-0.0923761203885078,0.7149915395792323,0.6622002929668993,2.80747970506435,2.9781282994684823,2.8189820177271416,2.637535696545087,1.2520922770468266,2.4559589762318224,1.6932985874511353,2.586153875653235,1.7766892863184778,1.979361204486846,2.922506728715694,3.0663247016531763,3.085510554436941,1.535586588422328,2.0397776153751748,2.983251033046728,3.122730477585725,3.081270807871071,3.008082758086764,1.4683117390708391,3.033707568179913,3.0916543270456605,3.0
0.7099046111106873,0.7580429911613464,-8.875055135248998e-10,0.6564795970916748,0.7487834692001343,-0.0118508152663707,0.6096065044403076,0.7220553755760193,-0.023323530331254,0.5757205486297607,0.6995205283164978,-0.0378526113927364,0.5622168183326721,0.6646506190299988,-0.0506702177226543,0.6147472858428955,0.6121898293495178,0.0012172809801995,0.579727053642273,0.5703941583633423,-0.028817132115364,0.5684487223625183,0.602885365486145,-0.0540105290710926,0.5707399249076843,0.6421355605125427,-0.0667083114385604,0.6338116526603699,0.5870103240013123,-0.0062759830616414,0.5974006652832031,0.5225102305412292,-0.0220960155129432,0.5709607005119324,0.4867581725120544,-0.0359595157206058,0.5472669005393982,0.4536435306072235,-0.0453312471508979,0.664520263671875,0.5759673714637756,-0.0193222388625144,0.6378882527351379,0.5032145380973816,-0.0370003543794155,0.6195288300514221,0.4574372768402099,-0.0482545085251331,0.6020875573158264,0.4164637923240661,-0.0547575801610946,0.701156497001648,0.5824514031410217,-0.0339601002633571,0.7037248611450195,0.5170729160308838,-0.0475276298820972,0.7064957022666931,0.47352334856987,-0.0509055964648723,0.7080392241477966,0.4340313076972961,-0.0519210249185562,0.8443914338757231,0.8096709748077565,2.8027837077312894,2.9927608483463954,2.562505503076892,2.6185283081316486,1.2642299674980064,2.4328003589922256,1.4929665134451129,2.670198388055168,1.6458029425261569,2.0113971656273137,2.941035968902394,2.991470585859548,3.0640931862675487,1.648289476978431,1.954251847252837,2.980746057776966,3.111848720610604,3.059618528124517,3.0532232362583955,1.5216593837198449,3.0121355410026656,3.0845259708803394,3.0
0.3923376202583313,0.9084358215332032,-5.915471490425261e-08,0.3251855671405792,0.9059171676635742,-0.0009300814126618,0.2702198922634125,0.8857695460319519,-0.0084131341427564,0.2235844433307647,0.8841707706451416,-0.0231103058904409,0.1853702366352081,0.866474986076355,-0.036058634519577,0.2574143707752228,0.7594565153121948,0.0252887960523366,0.2044463753700256,0.7440994381904602,-0.004662447143346,0.1883990168571472,0.7918092012405396,-0.0309416782110929,0.1936196684837341,0.8370918035507202,-0.0419194027781486,0.259852647781372,0.7347285747528076,0.0124180559068918,0.2046290040016174,0.6753407716751099,-0.0002899138780776,0.1617069989442825,0.65040123462677,-0.0059263785369694,0.1231559514999389,0.6238572597503662,-0.0075528556481003,0.2762286067008972,0.7190981507301331,-0.0078028440475463,0.2376450002193451,0.6370947360992432,-0.0192068368196487,0.2077584117650985,0.5896788239479065,-0.0183410607278347,0.1834443062543869,0.5508220791816711,-0.0146987019106745,0.2971657812595367,0.7197239995002747,-0.0305748004466295,0.2742507755756378,0.6377272605895996,-0.0357778370380401,0.2599525153636932,0.5839776396751404,-0.0298013016581535,0.2496614456176757,0.5389330387115479,-0.0230591166764497,0.8074733835680211,0.8345310016949388,2.808816800793521,2.7848500080241223,2.7604015035158134,2.321989152099471,1.2001653244223522,2.0857843734119603,1.8273950315832077,2.664577054747196,1.4578255664942017,2.2808891141738155,2.90816993676844,2.8458889076883294,3.0321776025116915,1.893966879752692,1.7845315405072557,2.999487259941912,2.955201841482177,3.07765756789461,2.931177682050276,1.413810303870766,2.9730476044633254,3.089969492872604,3.0
0.6818764209747314,0.9406648874282836,-2.2569770052882632e-08,0.641421914100647,0.8567344546318054,-0.012071561999619,0.629997730255127,0.7581812143325806,-0.0221071243286132,0.6277099847793579,0.6862842440605164,-0.0362032391130924,0.6443682909011841,0.638309895992279,-0.0478945188224315,0.7180214524269104,0.6881163120269775,0.0075073461048305,0.7239297032356262,0.602204442024231,-0.0294616967439651,0.7003529667854309,0.6123418807983398,-0.0613117516040802,0.6818764209747314,0.6447210311889648,-0.0775952190160751,0.7606987953186035,0.6987783312797546,-0.0029995122458785,0.7830958366394043,0.5969605445861816,-0.0225368961691856,0.7958433628082275,0.5326477289199829,-0.0419487059116363,0.8085877299308777,0.4766840040683746,-0.0558054707944393,0.7987372279167175,0.7370304465293884,-0.0204384848475456,0.8354684710502625,0.6426027417182922,-0.0418874695897102,0.8555298447608948,0.5833613872528076,-0.0568474866449832,0.8719828128814697,0.5273592472076416,-0.0659354105591774,0.8285346031188965,0.7980445623397827,-0.039620291441679,0.8813078999519348,0.7459385991096497,-0.0542793981730937,0.9135167002677916,0.7114158868789673,-0.0580475255846977,0.9404892921447754,0.6753678321838379,-0.0596453547477722,0.6107829588045482,0.5787938389231208,2.8088980401916057,3.017391860378125,2.782217600703751,2.7008200327259377,1.6358237545590872,2.522635723649289,1.6144399578138966,2.4507937722497624,2.036826341199164,1.5865441320544365,2.942413330499196,3.037017038017652,3.083796524759233,1.251907853623525,2.1924118461174595,2.949715696216785,3.090944163653297,3.05187432689547,3.1332081796094475,1.3196662113852722,3.01915341188746,3.0247495029234366,3.0
0.7868586778640747,0.8785311579704285,-4.4213933847458975e-08,0.7219666838645935,0.8334245681762695,-0.0163630656898021,0.6727719902992249,0.7644052505493164,-0.0317683331668376,0.6338782906532288,0.7097727060317993,-0.0520241968333721,0.6386791467666626,0.6593925356864929,-0.0692494958639144,0.7149343490600586,0.641417384147644,0.0107079455628991,0.6884869933128357,0.5659394264221191,-0.0317261219024658,0.66618412733078,0.5982001423835754,-0.0671497955918312,0.6602710485458374,0.6447070837020874,-0.0835193321108818,0.7469653487205505,0.6213665008544922,0.0026943536940962,0.7254917621612549,0.52374666929245,-0.0151398293673992,0.7073637843132019,0.4624070525169372,-0.028219299390912,0.6942909955978394,0.4083158373832702,-0.0360562019050121,0.7874943017959595,0.6239203214645386,-0.0141042927280068,0.7784585356712341,0.5234057903289795,-0.0276971068233251,0.7692777514457703,0.4622573554515838,-0.0292690265923738,0.76075679063797,0.4107025861740112,-0.0283699091523885,0.8276685476303101,0.6480177044868469,-0.0348568893969059,0.8285008072853088,0.5670136213302612,-0.0416063927114009,0.8256080746650696,0.5139613151550293,-0.0365160144865512,0.8222324252128601,0.4655305445194244,-0.0305051263421773,0.7093758191319112,0.6623139028119942,2.802985599484477,3.028056425886544,2.462648470809372,2.60902329185967,1.2789402445486062,2.4498811067201984,1.4992694597162133,2.5734854310056448,1.755624028600682,1.9391974037570745,2.944560084038469,3.0676231992448866,3.062425249844396,1.4825134769565864,2.0711453479300985,3.0208418864754485,3.018043616139582,3.0964843526218586,2.9654652366970504,1.1296261017346243,2.95160837302723,3.110106979788358,3.0
0.4910346865653991,0.942425012588501,-8.184004229860875e-08,0.4220850467681885,0.9333688020706176,-4.065615576109849e-05,0.3666447401046753,0.9007611274719238,-0.0063134292140603,0.3228088915348053,0.8865472674369812,-0.0201919339597225,0.2893204987049103,0.8601769208908081,-0.032476969063282,0.3650443255901336,0.7826480269432068,0.0281498115509748,0.3163971304893493,0.7529058456420898,-0.0016459404723718,0.3000013530254364,0.79313063621521,-0.0283644702285528,0.303243339061737,0.8331466913223267,-0.0400425866246223,0.3729796707630157,0.7608084678649902,0.0138930939137935,0.3213288486003876,0.6950252056121826,0.0030026650056242,0.2797794342041015,0.6662809252738953,-0.0040426990017294,0.2460432201623916,0.6392754912376404,-0.0073886327445507,0.3934202194213867,0.7498847842216492,-0.00778394844383,0.3517420589923858,0.6695325374603271,-0.0167816691100597,0.3215706944465637,0.625025749206543,-0.0162188373506069,0.2990465760231018,0.5871020555496216,-0.0139393936842679,0.4163984656333923,0.754205048084259,-0.0321136191487312,0.3888353407382965,0.6821743249893188,-0.0358577147126197,0.3699430823326111,0.6371082663536072,-0.0297551229596138,0.3545993566513061,0.5966496467590332,-0.0236185193061828,0.7822328616355736,0.726897766640161,2.729671340948808,2.8521729895132384,2.8024588822459973,2.433982596076057,1.1674949272665212,2.2265371305188486,1.6921997870702024,2.6389283150244798,1.6085790914550455,2.1107463354405622,2.928556125729082,2.8442070938338286,3.0489990902118285,1.6473827501632334,1.9324137544527775,3.077883132337164,2.9812579807476824,3.069023885097125,3.0321506590064904,1.2370758318799588,2.966007256533183,3.103588172029433,3.0
0.7168880105018616,0.8720879554748535,8.462892537863809e-07,0.6506261825561523,0.8125985264778137,-0.0396355353295803,0.617529571056366,0.7171893119812012,-0.0644516050815582,0.6541674137115479,0.6429327130317688,-0.0912189856171608,0.700162947177887,0.591469407081604,-0.1153568923473358,0.6491195559501648,0.5509781241416931,-0.0323643125593662,0.6273924708366394,0.4293825626373291,-0.0658149570226669,0.6179790496826172,0.3508259057998657,-0.0866016000509262,0.6141262054443359,0.2816878259181976,-0.1002096757292747,0.7114466428756714,0.5495424270629883,-0.0404540747404098,0.7284688353538513,0.4083127379417419,-0.0777328237891197,0.7399362921714783,0.3210298717021942,-0.0991393402218818,0.7532035112380981,0.2478127777576446,-0.1088210418820381,0.764983594417572,0.5866574048995972,-0.0540580861270427,0.7705290913581848,0.5134727954864502,-0.1078971996903419,0.7441565990447998,0.6029838919639587,-0.1096640229225158,0.729167103767395,0.6704643964767456,-0.0946170911192894,0.8120346665382385,0.6472313404083252,-0.0709099024534225,0.8126192092895508,0.5871768593788147,-0.1095572188496589,0.7883452773094177,0.6433038115501404,-0.1022722646594047,0.7724674344062805,0.6924319863319397,-0.0867785066366195,0.6858204205435343,0.4219108211760049,2.632853496523436,2.377912023167774,2.883727858230132,2.9726302916890086,1.6840274451073465,2.8038827455823605,3.085472552799125,3.0533123353970213,1.97215787917531,1.7409303722301166,2.953652178793948,3.1210297380374654,3.0224455835018738,1.2885829862547982,2.045128200723136,2.6857733581829084,0.6807265129590566,2.898770131923337,2.68525983250364,1.0150366347362163,0.5851599771115189,2.944989766029525,2.0
0.7699831128120422,0.8421489000320435,9.068122608368868e-07,0.7002005577087402,0.78038090467453,-0.0421813651919364,0.6654754877090454,0.6766358613967896,-0.0704692080616951,0.7060263752937317,0.6021364331245422,-0.1014262214303016,0.7575235962867737,0.5534654855728149,-0.1301974058151245,0.7102392911911011,0.5075017213821411,-0.0416148677468299,0.6949052214622498,0.377020001411438,-0.079692468047142,0.6893038153648376,0.2937752902507782,-0.1031693965196609,0.6891700029373169,0.2207253575325012,-0.1187121123075485,0.7759627103805542,0.5100587606430054,-0.0516311563551425,0.7987870573997498,0.358917087316513,-0.0955870822072029,0.8136181831359863,0.2656474709510803,-0.1202229410409927,0.8296831846237183,0.1890456676483154,-0.1315780133008957,0.8321236371994019,0.5513783693313599,-0.0670025870203971,0.837024986743927,0.4749370217323303,-0.1282224059104919,0.8031596541404724,0.5717065334320068,-0.1309375762939453,0.7820298075675964,0.6463385224342346,-0.1149681359529495,0.8813892006874084,0.6151266694068909,-0.085646316409111,0.8851755857467651,0.5493611693382263,-0.1293205618858337,0.8524922132492065,0.6075648665428162,-0.122063934803009,0.8260360360145569,0.6622432470321655,-0.1059146225452423,0.7088210360425203,0.4378719959624672,2.620401239618829,2.353674019295442,2.845545653813629,2.9710008403610177,1.676486979715204,2.8194618817930728,3.0930804780169523,3.051015213275188,1.9579669691717476,1.718174905898619,2.9616418938828604,3.1156368202854554,3.0205565191004657,1.2896893776672846,2.01574843167992,2.670639471289849,0.7443582466514767,2.904264071494614,2.7016087716529857,1.0606355579030824,0.6362823855494001,2.978610436566272,2.0
