0.801179588,0.779965878,-3.15e-07,0.737669408,0.724238694,-0.024537729,0.692395985,0.623824358,-0.041640501,0.688260615,0.537118971,-0.062839918,0.72163868,0.48090446,-0.083716668,0.737878621,0.502247751,-0.018673059,0.733144343,0.380302668,-0.053521611,0.733133256,0.306596309,-0.074849121,0.736335516,0.240209073,-0.088963099,0.785911262,0.513642669,-0.027455986,0.765277445,0.455882728,-0.090182967,0.747882605,0.553604782,-0.103643082,0.742539108,0.623971879,-0.096143976,0.832928836,0.536015987,-0.040720806,0.807901025,0.492109507,-0.100412697,0.786179602,0.589874446,-0.089615658,0.778904319,0.655371666,-0.063847236,0.881289899,0.566951334,-0.056119956,0.868294418,0.502032101,-0.09055008,0.845739305,0.554873407,-0.077941403,0.833176732,0.599576473,-0.058078706,0.65255507,0.459932991,2.705802898,2.763353821,2.576377396,2.861537328,1.778277089,2.834504307,3.104278604,3.055319813,1.879089083,1.318440855,2.404520326,1.0409643,2.880946542,1.239422298,1.933499503,2.256336276,0.979242837,2.85639379,2.570903808,1.075912387,0.620428676,2.916759741,1
0.814914465,0.789717317,-4.57e-07,0.733251929,0.698956728,0.003740019,0.690331221,0.616526246,-0.009794216,0.656259835,0.556499541,-0.032370426,0.628438115,0.493240952,-0.056145955,0.763972461,0.490665942,-0.002854183,0.723259866,0.383253902,-0.032465689,0.704539239,0.315280497,-0.051260002,0.692782044,0.251376569,-0.065294437,0.795845628,0.50615567,-0.02577062,0.684583485,0.484827131,-0.075149916,0.659510136,0.573123872,-0.085846789,0.670981288,0.634226799,-0.083939277,0.809683383,0.541297376,-0.050694931,0.694841146,0.527791142,-0.096260414,0.682232082,0.610128164,-0.08136937,0.700487137,0.665793419,-0.060450915,0.809652865,0.588490844,-0.076207966,0.718898952,0.562127769,-0.10729935,0.702217221,0.61291188,-0.096155182,0.713776946,0.655472934,-0.079618715,0.565304303,0.633855861,2.834748887,2.966516233,3.043786572,2.832345159,2.044297361,2.592720591,3.050728381,3.044627967,1.761207734,1.016508503,1.841840052,1.696756926,2.657425171,1.40501618,1.491434774,1.770929804,1.538221294,2.659877544,1.961332479,1.486731216,1.539243111,2.56272789,1
0.705321789,0.733405352,-1.27e-07,0.66687113,0.676610768,-0.038854342,0.6580863,0.589433193,-0.059093796,0.693642914,0.522405326,-0.078723677,0.732232749,0.473999172,-0.09577997,0.668807745,0.468458414,-0.027256791,0.684245765,0.35678637,-0.053536572,0.698111951,0.293956876,-0.067631058,0.713056087,0.239794314,-0.076926455,0.716313362,0.485861838,-0.023953486,0.737168372,0.45502305,-0.073345438,0.723874807,0.53758651,-0.08415056,0.711972773,0.592426538,-0.07894855,0.757996738,0.513915241,-0.025686845,0.775679946,0.485831708,-0.074923873,0.755326152,0.56081903,-0.068592541,0.740087807,0.6079669,-0.050070841,0.792590022,0.549109578,-0.030601745,0.816799521,0.498955935,-0.061912928,0.799361706,0.542006075,-0.054930232,0.782581866,0.578061223,-0.04050222,0.598295689,0.302941154,2.600331311,2.570204742,2.961894654,2.842687687,1.793610405,2.829809584,3.062579905,3.06893009,1.541916904,1.663685979,2.198791054,1.116278016,2.914168728,1.582388154,1.6165437,2.239246061,0.92724104,2.861332709,2.77830014,1.324101457,0.368038447,2.936812984,1
0.699988723,0.778854847,-3.57e-07,0.648217022,0.733209312,-0.023651924,0.608051658,0.676771641,-0.045045622,0.574314237,0.641205072,-0.066440336,0.57606858,0.637245715,-0.088603288,0.661936224,0.556774795,-0.037091941,0.637645483,0.501592457,-0.068702959,0.619986475,0.455928385,-0.090743914,0.611027598,0.414067656,-0.108172804,0.705877542,0.567310095,-0.044281725,0.622520208,0.604421437,-0.085621044,0.598666489,0.682956815,-0.092240632,0.608433664,0.724375427,-0.089745052,0.736734748,0.614426792,-0.054674156,0.650988638,0.657950342,-0.092319772,0.63325423,0.716632962,-0.081241503,0.647299767,0.742198229,-0.065981381,0.75679332,0.675572336,-0.067959666,0.686156929,0.700726032,-0.094919391,0.663389385,0.73799324,-0.087704293,0.670254469,0.756978154,-0.075959399,0.677172219,0.717568404,2.921126305,2.968813091,2.048965843,2.747192001,2.044684319,2.520798431,3.068987186,2.991766001,1.639524415,0.864529898,1.265449928,2.249216117,2.597519647,1.536302017,1.356730929,1.102942854,2.175561216,2.335754805,1.114374091,1.662477522,2.300448983,2.233375144,1
0.754887998,0.816071093,-2.76e-07,0.741133034,0.706848025,0.014787666,0.682498574,0.623339832,0.010797327,0.616244495,0.592179775,0.003638237,0.565273106,0.597445905,-0.006700092,0.68157196,0.570362687,-0.025801582,0.600192845,0.497735083,-0.044286538,0.554283977,0.459683895,-0.053013548,0.516835928,0.429560781,-0.059788227,0.665675342,0.613035202,-0.042678535,0.568421543,0.596162856,-0.059482515,0.57953918,0.636083424,-0.051455732,0.606874228,0.650350153,-0.046101358,0.646362603,0.673231483,-0.056870442,0.559150338,0.652774513,-0.070751078,0.573286057,0.683619738,-0.05146699,0.602051437,0.694597542,-0.037980702,0.627235234,0.737233043,-0.069464669,0.549917281,0.699584842,-0.077970535,0.559063017,0.717664599,-0.062407345,0.584251165,0.73301065,-0.049819972,0.285772321,0.301154339,2.6261103,2.62060362,2.595833464,2.590440422,1.852504043,2.710030104,3.099025199,3.126144447,1.400246881,1.801021252,2.173534897,1.107257491,2.337459505,1.681671399,1.484077816,2.453388922,0.924171498,2.443920088,2.793085647,1.430138664,0.811321334,2.603947966,1
0.691474438,0.822805166,-2.57e-07,0.697720289,0.732495964,0.020455036,0.675450861,0.652212441,0.022280917,0.637542248,0.608272433,0.017227391,0.598902345,0.594900429,0.009590399,0.677191436,0.582228541,0.005566042,0.640589952,0.484119415,-0.006898771,0.624117553,0.424805999,-0.014102925,0.613360822,0.373144776,-0.020309843,0.661893189,0.594484508,-0.012807033,0.574030459,0.556733429,-0.029908078,0.564247012,0.603829265,-0.02825507,0.582274377,0.629401505,-0.025073348,0.637589276,0.623227417,-0.029784543,0.558152616,0.590172887,-0.044200454,0.556344807,0.631794214,-0.031851996,0.578684449,0.649117291,-0.021814829,0.610153854,0.6580441,-0.04546706,0.543622196,0.61712724,-0.055355124,0.542552412,0.649543822,-0.044134829,0.56131196,0.673116326,-0.033322923,0.236277376,0.180193517,2.749989445,2.687566305,2.611871597,2.812409946,1.717256761,2.920629201,3.055978844,3.07642948,1.23002741,2.046665067,2.106665463,1.366936193,2.322135158,1.91786084,1.259957475,2.240239537,1.189623042,2.236029227,2.578534723,1.721508246,1.040714359,2.478000394,1
0.662077427,0.827130675,-2.99e-07,0.587190807,0.761479735,-0.005966136,0.555159867,0.693689227,-0.020357816,0.534840703,0.640941441,-0.038708434,0.520705104,0.593232095,-0.057176325,0.640887797,0.578839064,-0.009745355,0.606575549,0.493507504,-0.033989586,0.593831003,0.435340285,-0.052954827,0.586147428,0.380717248,-0.068315841,0.659175396,0.587987661,-0.022533581,0.55963707,0.559195757,-0.058669105,0.540722251,0.62893486,-0.066556208,0.554060578,0.672470808,-0.065806322,0.658609867,0.612916708,-0.037246343,0.559955418,0.591244578,-0.069653586,0.549970031,0.651528478,-0.057748355,0.567188442,0.689519703,-0.043159835,0.644283652,0.649187267,-0.053503852,0.568681657,0.630453467,-0.079672448,0.56232512,0.673280239,-0.073277347,0.579218924,0.706858814,-0.062091768,0.765167419,0.741963133,2.715262333,2.998310572,3.055692829,2.775784782,2.069972023,2.440100727,2.973822105,3.060076575,1.611664203,0.911324317,1.878674249,1.590835121,2.566637536,1.568297797,1.310346683,1.842543145,1.463502162,2.555622293,1.978325577,1.811933692,1.434367024,2.526898279,1
0.637921095,0.83674556,-4.25e-07,0.580797732,0.786039948,-0.011704017,0.536891937,0.709008455,-0.024791166,0.511713266,0.645816803,-0.042687047,0.520031929,0.599501133,-0.060723349,0.600705266,0.583936334,-0.004788463,0.584160566,0.495292485,-0.028474819,0.574435234,0.438183069,-0.044206165,0.570712745,0.384587198,-0.056626767,0.632011771,0.589538097,-0.016343148,0.559472561,0.562369585,-0.060647935,0.538936615,0.646521032,-0.071379542,0.547263026,0.705603957,-0.067810677,0.652617753,0.610831439,-0.030876078,0.576321244,0.591403723,-0.074445754,0.564638495,0.668864667,-0.0656268,0.578377545,0.722382545,-0.047089972,0.662102699,0.644902885,-0.046809185,0.597848058,0.611686885,-0.076687522,0.585380852,0.658477426,-0.069280371,0.597736359,0.700616539,-0.054985784,0.708161312,0.640364755,2.818415084,2.966246177,2.601477937,2.900461216,1.807835707,2.737889767,3.124185735,3.038055649,2.077553079,0.885435883,1.934603553,1.529552576,2.72104942,1.097886173,1.770197058,1.797087831,1.429668039,2.697423256,1.981557174,1.140941038,1.313799882,2.587327812,1
0.64741838,0.81406641,-2.33e-07,0.600353003,0.764834642,-0.023337869,0.571428001,0.67987293,-0.039430272,0.578685582,0.608087718,-0.058736168,0.616750121,0.570511341,-0.077583171,0.610628009,0.580740929,-0.018893918,0.617920756,0.47059226,-0.048513778,0.626629412,0.407152712,-0.065528616,0.637139201,0.351362884,-0.076391988,0.649174154,0.593798757,-0.024393693,0.639121592,0.552604258,-0.078281067,0.62440455,0.63642025,-0.088814355,0.621586323,0.695605159,-0.081333652,0.68509239,0.614450932,-0.033811796,0.673873067,0.581413031,-0.083732262,0.654114068,0.659644663,-0.074338473,0.648312569,0.712713301,-0.05229798,0.720570087,0.641796947,-0.045412615,0.718489885,0.59117496,-0.07386829,0.699873507,0.632357478,-0.063706756,0.69145149,0.66863507,-0.046953864,0.642421593,0.431975023,2.694570307,2.714918384,2.47828142,2.856695159,1.784243518,2.855166069,3.073619522,3.055892268,1.814955025,1.345520973,2.321880279,1.086562073,2.862802135,1.33079722,1.830016527,2.248081115,0.961389303,2.835297053,2.649023197,1.137878586,0.520605119,2.867400113,1
0.65964669,0.835196972,-4.06e-07,0.598329067,0.768850565,-0.006539003,0.564238787,0.694359303,-0.02012101,0.544872284,0.63740027,-0.038734138,0.541240573,0.589575112,-0.05763562,0.643791914,0.585050404,-0.007303135,0.617748439,0.493013918,-0.031089704,0.605561256,0.433919072,-0.047416922,0.599370182,0.380406141,-0.06043091,0.671338797,0.596695364,-0.021732667,0.588959455,0.553923368,-0.060850307,0.562097371,0.629521728,-0.068197876,0.567932963,0.683074176,-0.064828686,0.684185386,0.622815013,-0.038626976,0.598372579,0.588997304,-0.075482205,0.580164552,0.655832648,-0.062358253,0.591658056,0.703170717,-0.044313584,0.683303893,0.659846723,-0.056951009,0.615441263,0.619140446,-0.083209008,0.596156538,0.661608577,-0.073416598,0.60407871,0.702722013,-0.059113879,0.683126699,0.687406649,2.813908952,2.973796419,2.892354751,2.84129244,2.028391845,2.57546088,3.068591891,3.05192224,2.033967044,0.851815197,2.001703097,1.480323424,2.666549741,1.150806198,1.693237776,1.876768245,1.401280138,2.628779125,2.041444574,1.286503689,1.399554042,2.535685911,1
0.682505786,0.83290267,-2.88e-07,0.616649628,0.764389813,-0.000937817,0.587891042,0.688167393,-0.011955734,0.566013455,0.632773221,-0.026302785,0.54887253,0.5905689,-0.040717795,0.671353519,0.591598272,-0.011606087,0.635822654,0.499740362,-0.032372404,0.621674776,0.44291839,-0.047574166,0.612068951,0.389964402,-0.060474128,0.677760243,0.606016457,-0.024795225,0.579700351,0.570098221,-0.055048723,0.57211256,0.628106833,-0.059355307,0.592099369,0.662360251,-0.058735911,0.666732371,0.63589257,-0.038698912,0.570904195,0.608826697,-0.065963544,0.569538236,0.661443949,-0.052638706,0.591450334,0.690295041,-0.039578523,0.64554131,0.673793674,-0.053581771,0.573242068,0.647863567,-0.076328173,0.5688169,0.687212825,-0.069120996,0.584959328,0.714935124,-0.05913388,0.720097287,0.668287225,2.719292766,3.038521881,3.070889032,2.784025523,2.236362995,2.456399437,3.011402689,3.076197412,1.457020771,1.23009487,1.957678854,1.380047195,2.477827782,1.746534738,1.268553222,1.960478718,1.270802137,2.489676942,2.192186372,1.814661814,1.299391089,2.510006252,1
0.731627226,0.839603543,-2.46e-07,0.669188321,0.777359366,-0.001164917,0.638758302,0.715680659,-0.009926234,0.62018013,0.668899655,-0.022993226,0.608265996,0.624689043,-0.036207169,0.707907736,0.631098509,-0.004301568,0.679795921,0.552656233,-0.023637412,0.665907681,0.502878189,-0.036587615,0.65521723,0.456772864,-0.046347216,0.719656289,0.641295671,-0.015758807,0.636960328,0.611650646,-0.046992738,0.621918857,0.668114841,-0.054097585,0.633043289,0.705977798,-0.053102192,0.716952264,0.664897263,-0.028338676,0.636824191,0.640556753,-0.058756705,0.628191233,0.691309035,-0.050976217,0.642555952,0.727293074,-0.038282908,0.703978717,0.69633919,-0.041324902,0.644656539,0.669358253,-0.063733272,0.635086358,0.702140212,-0.058554042,0.645935774,0.733838081,-0.04859826,0.673625557,0.72255178,2.794846478,2.991895401,3.027649076,2.832832626,2.152901793,2.509653417,3.069412615,3.081272761,1.603974397,1.037351813,1.978116194,1.532869481,2.577343867,1.581171467,1.362990512,1.979624871,1.401793363,2.583781932,2.233717707,1.655505922,1.387949391,2.527753064,1
0.545254946,0.86595118,-1.65e-07,0.530431211,0.776187062,0.020300891,0.494795263,0.711334169,0.021198411,0.452653885,0.685927808,0.018002711,0.418738812,0.693026006,0.011620544,0.468166381,0.668667018,-0.010904179,0.398260623,0.618452549,-0.018351501,0.357775092,0.59006089,-0.020518983,0.326596737,0.568923354,-0.022154076,0.442993045,0.705961823,-0.024885923,0.387527227,0.699191153,-0.029177148,0.402568668,0.731475294,-0.01996603,0.427370787,0.74731648,-0.013859549,0.42369318,0.755606115,-0.035451327,0.380663544,0.749112487,-0.035461791,0.394989818,0.774215877,-0.019627854,0.417636305,0.785752177,-0.010579076,0.407562464,0.808544338,-0.044443619,0.370013237,0.792594314,-0.040188786,0.38444224,0.809638143,-0.024317833,0.404043883,0.822933614,-0.012686716,0.341267105,0.259147272,2.746845568,2.610493556,2.389964459,2.566589703,1.572970709,2.695435423,3.097610152,3.12579527,1.311695699,2.044140037,2.264499674,1.012361277,2.588284345,1.787554129,1.426670212,2.52135909,0.996060157,2.590146244,2.748073389,1.450085229,0.844698565,2.857971391,1
0.546166301,0.909949422,-3.34e-07,0.486748099,0.891457081,-0.01155143,0.437813997,0.839573622,-0.021059742,0.410664886,0.794270456,-0.036098126,0.404998928,0.745769441,-0.051531371,0.448780924,0.732459903,-0.000742217,0.420096517,0.648021936,-0.022441646,0.400002778,0.600314975,-0.034950089,0.386756897,0.554317415,-0.043086741,0.477789253,0.725518465,-0.010868245,0.435561061,0.697698593,-0.055644363,0.439189136,0.780848026,-0.066156529,0.458069116,0.834912598,-0.060113654,0.507431686,0.724790454,-0.024193896,0.465996057,0.706252217,-0.067539476,0.471190095,0.784313381,-0.060597289,0.491357714,0.832634151,-0.041322485,0.539107382,0.72983253,-0.038639817,0.498947918,0.695775747,-0.06362468,0.492177486,0.743712485,-0.053983204,0.503336251,0.784159243,-0.038259763,0.78356576,0.557174146,2.632700972,2.88523304,2.735157402,2.849965117,1.579871867,2.823183544,3.072417533,3.006934757,1.864104868,1.295442857,2.264234119,1.210858067,2.769644978,1.253212502,1.9317729,2.104197695,1.161182193,2.726743413,2.328360521,1.014358943,0.980420553,2.716452956,1
0.545915663,0.91145277,-3.42e-07,0.487704843,0.895683408,-0.011340538,0.438499808,0.847447217,-0.022055108,0.410681278,0.804858029,-0.03812312,0.407292366,0.755569816,-0.05462648,0.450790018,0.732554436,-0.003714731,0.420565754,0.648689449,-0.026760099,0.401471049,0.599884391,-0.040482529,0.389079452,0.555203199,-0.049097307,0.479865074,0.726547003,-0.013699935,0.434957474,0.709741712,-0.058886655,0.438216805,0.791040897,-0.070156649,0.456953466,0.843910038,-0.064870372,0.508862197,0.727882981,-0.026552742,0.46379891,0.719745278,-0.069675893,0.468726963,0.79720068,-0.062670417,0.4886747,0.844567299,-0.043552548,0.539231837,0.735913634,-0.040453158,0.496858269,0.710248053,-0.065011479,0.489780128,0.758762062,-0.054931838,0.500823498,0.797634363,-0.038729317,0.829135542,0.604917829,2.637251452,2.881921755,2.656835216,2.867764365,1.621039449,2.819002724,3.115245687,3.018213134,1.934396916,1.197027771,2.11306906,1.384318333,2.76277538,1.178552672,1.967303656,1.941366719,1.333036565,2.721122783,2.189635383,0.919398248,1.125228642,2.700913235,1
0.72491163,0.856276155,-1.45e-07,0.691195607,0.804967225,-0.030250229,0.687332392,0.723336995,-0.048115332,0.724551558,0.671842098,-0.065547198,0.768500388,0.646579564,-0.08209043,0.732621312,0.632522583,-0.027082857,0.766790926,0.547159612,-0.055133872,0.795133352,0.501013041,-0.073696889,0.821927369,0.460332334,-0.086556017,0.772078931,0.66214335,-0.026940087,0.788014591,0.640884519,-0.0739654,0.761003435,0.712045193,-0.08467257,0.741248071,0.759498179,-0.080895036,0.805056274,0.69768858,-0.030822044,0.817902565,0.67802608,-0.074886777,0.785266399,0.741210461,-0.066218048,0.763265848,0.779348135,-0.048509523,0.832916439,0.738311052,-0.03723729,0.848129094,0.701907039,-0.066112027,0.822018385,0.742616475,-0.057466883,0.802625537,0.772442102,-0.043180149,0.676084276,0.365089179,2.584291524,2.486703698,2.733715738,2.760412216,1.823153856,2.796611469,2.976302369,3.063369393,1.588909172,1.567931834,2.170531834,1.216648248,2.926143585,1.527876487,1.634600832,2.228659315,0.962747002,2.8766617,2.632986318,1.204543097,0.481616707,2.936520265,1
0.782022655,0.800765097,-2.6e-08,0.711406827,0.769683957,-0.001390502,0.648074806,0.704498053,-0.005752947,0.598299742,0.672904909,-0.016368696,0.56195879,0.642742813,-0.025532564,0.673456311,0.563264072,0.012901503,0.613199949,0.519426584,-0.025369253,0.584509373,0.561856508,-0.057818823,0.580803573,0.608743608,-0.072513044,0.696527541,0.531040907,-0.002314681,0.654745877,0.425535172,-0.021947121,0.63115114,0.353223026,-0.033528816,0.61652714,0.291600734,-0.038766861,0.733277678,0.523478031,-0.024089329,0.720107377,0.412003189,-0.0431109,0.713365495,0.341937482,-0.046789505,0.708439648,0.280902684,-0.045251336,0.773608387,0.5393641,-0.047723241,0.78414458,0.445907414,-0.061129116,0.795880973,0.38306421,-0.057225712,0.80702579,0.327132344,-0.050304394,0.730293088,0.600099903,2.755462012,2.875042052,3.015842087,2.42114306,1.399913091,2.2296719,1.791241701,2.60810828,1.632900343,2.16437564,2.964175946,3.077459573,3.034834891,1.728004705,1.906649644,3.041906477,3.02395659,3.062748028,2.993819987,1.411734102,2.926546541,3.080613182,3
0.791114926,0.839303613,9.23e-08,0.715888977,0.816443682,-0.024569564,0.653058708,0.766687989,-0.04707437,0.608619213,0.72635144,-0.073468052,0.58731699,0.676766038,-0.096527539,0.661625385,0.59146589,-0.010678893,0.608556986,0.524058759,-0.064348817,0.594614863,0.58570677,-0.107562363,0.599924743,0.648472846,-0.128759921,0.701948345,0.550806761,-0.021476019,0.655052543,0.432823539,-0.050083384,0.628041983,0.358091265,-0.073367484,0.605476499,0.286374688,-0.089196354,0.756443441,0.540974438,-0.041153524,0.730143249,0.421352208,-0.069751866,0.712803066,0.349370867,-0.086480111,0.692744732,0.283471256,-0.095993057,0.818665326,0.562079608,-0.06396123,0.834591448,0.465275884,-0.082189098,0.842767894,0.400843501,-0.084493078,0.845400512,0.342509568,-0.084177501,0.82334592,0.737055411,2.781299831,2.987452732,2.749255969,2.592244457,1.369275063,2.399924575,1.428818104,2.75411296,1.679876707,2.00857226,2.972134146,3.071225535,3.054028755,1.612163964,1.983537503,3.005619785,3.120840162,3.038655602,3.066170767,1.478970952,2.988900726,3.050770181,3
0.795970201,0.835245013,5.88e-08,0.718110085,0.812146127,-0.021652952,0.657181025,0.760524631,-0.042618532,0.611372292,0.722579837,-0.06724339,0.583740771,0.670756459,-0.088037826,0.659685135,0.592843652,-0.006694412,0.605210721,0.516208172,-0.058567565,0.593004107,0.571446896,-0.101147734,0.602549553,0.631366074,-0.121785916,0.698903859,0.551086783,-0.017249687,0.65324688,0.429564059,-0.042503454,0.628828049,0.353660703,-0.061346654,0.611666918,0.283949822,-0.074117213,0.74986577,0.542174757,-0.036758259,0.730389118,0.420030445,-0.057044487,0.719753623,0.34309262,-0.063997738,0.707024574,0.27397728,-0.067651764,0.806128621,0.564033091,-0.060074981,0.801623285,0.468854249,-0.070986025,0.793642104,0.407899737,-0.065596834,0.781559169,0.354927182,-0.060061272,0.796049297,0.682939829,2.741064261,3.005430842,2.774873334,2.651025374,1.310285609,2.476165556,1.391022595,2.684578216,1.673693875,2.049766799,3.00354881,3.079877562,3.053163956,1.64181224,1.988852393,3.102246488,3.065475442,3.083386875,3.008335093,1.2290975,2.923806198,3.046894047,3
0.647161007,0.912004948,-2.48e-08,0.564860225,0.923466384,-0.013882134,0.488299757,0.903083265,-0.027066465,0.429448485,0.898982167,-0.046237741,0.385042369,0.869742811,-0.062866688,0.459079236,0.74578613,0.018196827,0.394948393,0.727168143,-0.024748614,0.383290946,0.78291595,-0.062065069,0.395231545,0.832095861,-0.078959502,0.471483231,0.707236409,0.0070025,0.403569341,0.636761129,-0.007212239,0.356797516,0.602733076,-0.015494512,0.317780077,0.568384707,-0.019421376,0.50487709,0.684190273,-0.014408652,0.457121074,0.589839339,-0.028581226,0.422763199,0.531574607,-0.027781708,0.393168032,0.480320066,-0.02437176,0.546956301,0.685038269,-0.039964873,0.516673684,0.59942013,-0.049169265,0.495310783,0.543533027,-0.041973248,0.475023419,0.492636383,-0.033566941,0.891402312,0.833640805,2.748518444,2.903887936,2.653485351,2.373782066,1.449694866,2.122928596,1.815984803,2.667933616,1.645663039,2.082181641,2.961919559,2.968438821,3.027633687,1.752208891,1.905826565,3.021935388,2.983026044,3.094955289,3.046238773,1.32087442,2.919465172,3.106146848,3
0.581163824,0.785064638,-1.28e-07,0.545309186,0.677788854,-0.011250874,0.551686108,0.549499094,-0.018272063,0.557461321,0.455766082,-0.031178925,0.5688591,0.379640549,-0.0425492,0.655311167,0.502979934,0.020898178,0.667273998,0.406213641,-0.018258836,0.639716208,0.387692153,-0.053521201,0.616486013,0.3970415,-0.071664602,0.701635242,0.511021376,0.00645869,0.73272723,0.39319104,-0.012011394,0.748902977,0.309993148,-0.030934209,0.765233636,0.239246458,-0.044145998,0.741322458,0.551451325,-0.016948903,0.794048846,0.442519903,-0.038262311,0.828528225,0.37055856,-0.051604353,0.858217001,0.306099296,-0.059257507,0.770516694,0.61236006,-0.043043599,0.831124246,0.54206574,-0.059108868,0.870118976,0.497691751,-0.061785456,0.902171135,0.454390287,-0.062276162,0.603468298,0.551544546,2.767850836,3.05877151,3.05479504,2.66958066,1.504679631,2.454024337,2.163629691,2.402335446,1.993229476,1.696407581,2.909615115,3.046745152,3.089260963,1.327774389,2.10617211,2.953589116,3.132093452,3.081431802,3.023378497,1.258909634,3.015132252,3.050390939,3
0.729738176,0.840459287,-1.75e-07,0.775841355,0.699756503,0.075409055,0.767419338,0.594161212,0.112832844,0.72858727,0.522311807,0.139025658,0.690027773,0.498135507,0.161604866,0.746144176,0.508816361,0.049750242,0.690583289,0.411605865,0.079866126,0.660977304,0.409530967,0.111602217,0.644744694,0.425160527,0.131330147,0.688736916,0.511656344,0.017291466,0.650044382,0.362823039,0.031300776,0.632101476,0.292539269,0.048308328,0.621980906,0.243341208,0.060242336,0.633443058,0.550189435,-0.007364603,0.588761091,0.387343943,-0.006123662,0.564545274,0.302100837,-0.01231908,0.551219702,0.235754788,-0.017547203,0.583610773,0.615968108,-0.02167975,0.514330149,0.510468841,-0.030903775,0.476855338,0.457572371,-0.036555797,0.45042336,0.414033562,-0.039661836,0.409745769,0.477318206,2.755202684,2.746685301,2.642429574,2.574011955,1.315066429,2.606154533,2.160657752,2.541863451,1.934383122,1.703019294,3.006006847,3.002069985,3.095683004,1.248819028,2.215773061,3.080386883,3.06392261,3.062889723,3.132808139,1.24871247,3.103705736,3.06636733,3
0.693215728,0.809779882,-3.31e-08,0.610304475,0.759272933,-0.008412038,0.545256138,0.680320859,-0.020365883,0.493864536,0.628331304,-0.039307605,0.468268871,0.574885249,-0.056903303,0.596800804,0.517467797,0.011168332,0.548868001,0.436529517,-0.031062519,0.514618337,0.466698945,-0.067420378,0.499873221,0.513122976,-0.086197719,0.631518185,0.486394435,-0.006919573,0.586214066,0.363822967,-0.028752062,0.554112613,0.285945833,-0.048610806,0.527605176,0.21555379,-0.062629037,0.679755569,0.485311925,-0.032933265,0.65772897,0.357224524,-0.058620054,0.64129734,0.271451861,-0.076157853,0.625291169,0.19373706,-0.087292656,0.732305944,0.512472689,-0.060901534,0.760479689,0.409385115,-0.082003757,0.782221377,0.337052941,-0.08881896,0.799968362,0.270364285,-0.09237612,0.71499154,0.662200293,2.807479705,2.978128299,2.818982018,2.637535697,1.252092277,2.455958976,1.693298587,2.586153876,1.776689286,1.979361204,2.922506729,3.066324702,3.085510554,1.535586588,2.039777615,2.983251033,3.122730478,3.081270808,3.008082758,1.468311739,3.033707568,3.091654327,3
0.709904611,0.758042991,-8.88e-10,0.656479597,0.748783469,-0.011850815,0.609606504,0.722055376,-0.02332353,0.575720549,0.699520528,-0.037852611,0.562216818,0.664650619,-0.050670218,0.614747286,0.612189829,0.001217281,0.579727054,0.570394158,-0.028817132,0.568448722,0.602885365,-0.054010529,0.570739925,0.642135561,-0.066708311,0.633811653,0.587010324,-0.006275983,0.597400665,0.522510231,-0.022096016,0.570960701,0.486758173,-0.035959516,0.547266901,0.453643531,-0.045331247,0.664520264,0.575967371,-0.019322239,0.637888253,0.503214538,-0.037000354,0.61952883,0.457437277,-0.048254509,0.602087557,0.416463792,-0.05475758,0.701156497,0.582451403,-0.0339601,0.703724861,0.517072916,-0.04752763,0.706495702,0.473523349,-0.050905596,0.708039224,0.434031308,-0.051921025,0.844391434,0.809670975,2.802783708,2.992760848,2.562505503,2.618528308,1.264229967,2.432800359,1.492966513,2.670198388,1.645802943,2.011397166,2.941035969,2.991470586,3.064093186,1.648289477,1.954251847,2.980746058,3.111848721,3.059618528,3.053223236,1.521659384,3.012135541,3.084525971,3
0.39233762,0.908435822,-5.92e-08,0.325185567,0.905917168,-0.000930081,0.270219892,0.885769546,-0.008413134,0.223584443,0.884170771,-0.023110306,0.185370237,0.866474986,-0.036058635,0.257414371,0.759456515,0.025288796,0.204446375,0.744099438,-0.004662447,0.188399017,0.791809201,-0.030941678,0.193619668,0.837091804,-0.041919403,0.259852648,0.734728575,0.012418056,0.204629004,0.675340772,-0.000289914,0.161706999,0.650401235,-0.005926379,0.123155951,0.62385726,-0.007552856,0.276228607,0.719098151,-0.007802844,0.237645,0.637094736,-0.019206837,0.207758412,0.589678824,-0.018341061,0.183444306,0.550822079,-0.014698702,0.297165781,0.719724,-0.0305748,0.274250776,0.637727261,-0.035777837,0.259952515,0.58397764,-0.029801302,0.249661446,0.538933039,-0.023059117,0.807473384,0.834531002,2.808816801,2.784850008,2.760401504,2.321989152,1.200165324,2.085784373,1.827395032,2.664577055,1.457825566,2.280889114,2.908169937,2.845888908,3.032177603,1.89396688,1.784531541,2.99948726,2.955201841,3.077657568,2.931177682,1.413810304,2.973047604,3.089969493,3
0.681876421,0.940664887,-2.26e-08,0.641421914,0.856734455,-0.012071562,0.62999773,0.758181214,-0.022107124,0.627709985,0.686284244,-0.036203239,0.644368291,0.638309896,-0.047894519,0.718021452,0.688116312,0.007507346,0.723929703,0.602204442,-0.029461697,0.700352967,0.612341881,-0.061311752,0.681876421,0.644721031,-0.077595219,0.760698795,0.698778331,-0.002999512,0.783095837,0.596960545,-0.022536896,0.795843363,0.532647729,-0.041948706,0.80858773,0.476684004,-0.055805471,0.798737228,0.737030447,-0.020438485,0.835468471,0.642602742,-0.04188747,0.855529845,0.583361387,-0.056847487,0.871982813,0.527359247,-0.065935411,0.828534603,0.798044562,-0.039620291,0.8813079,0.745938599,-0.054279398,0.9135167,0.711415887,-0.058047526,0.940489292,0.675367832,-0.059645355,0.610782959,0.578793839,2.80889804,3.01739186,2.782217601,2.700820033,1.635823755,2.522635724,1.614439958,2.450793772,2.036826341,1.586544132,2.94241333,3.037017038,3.083796525,1.251907854,2.192411846,2.949715696,3.090944164,3.051874327,3.13320818,1.319666211,3.019153412,3.024749503,3
0.786858678,0.878531158,-4.42e-08,0.721966684,0.833424568,-0.016363066,0.67277199,0.764405251,-0.031768333,0.633878291,0.709772706,-0.052024197,0.638679147,0.659392536,-0.069249496,0.714934349,0.641417384,0.010707946,0.688486993,0.565939426,-0.031726122,0.666184127,0.598200142,-0.067149796,0.660271049,0.644707084,-0.083519332,0.746965349,0.621366501,0.002694354,0.725491762,0.523746669,-0.015139829,0.707363784,0.462407053,-0.028219299,0.694290996,0.408315837,-0.036056202,0.787494302,0.623920321,-0.014104293,0.778458536,0.52340579,-0.027697107,0.769277751,0.462257355,-0.029269027,0.760756791,0.410702586,-0.028369909,0.827668548,0.648017704,-0.034856889,0.828500807,0.567013621,-0.041606393,0.825608075,0.513961315,-0.036516014,0.822232425,0.465530545,-0.030505126,0.709375819,0.662313903,2.802985599,3.028056426,2.462648471,2.609023292,1.278940245,2.449881107,1.49926946,2.573485431,1.755624029,1.939197404,2.944560084,3.067623199,3.06242525,1.482513477,2.071145348,3.020841886,3.018043616,3.096484353,2.965465237,1.129626102,2.951608373,3.11010698,3
0.491034687,0.942425013,-8.18e-08,0.422085047,0.933368802,-4.07e-05,0.36664474,0.900761127,-0.006313429,0.322808892,0.886547267,-0.020191934,0.289320499,0.860176921,-0.032476969,0.365044326,0.782648027,0.028149812,0.31639713,0.752905846,-0.00164594,0.300001353,0.793130636,-0.02836447,0.303243339,0.833146691,-0.040042587,0.372979671,0.760808468,0.013893094,0.321328849,0.695025206,0.003002665,0.279779434,0.666280925,-0.004042699,0.24604322,0.639275491,-0.007388633,0.393420219,0.749884784,-0.007783948,0.351742059,0.669532537,-0.016781669,0.321570694,0.625025749,-0.016218837,0.299046576,0.587102056,-0.013939394,0.416398466,0.754205048,-0.032113619,0.388835341,0.682174325,-0.035857715,0.369943082,0.637108266,-0.029755123,0.354599357,0.596649647,-0.023618519,0.782232862,0.726897767,2.729671341,2.85217299,2.802458882,2.433982596,1.167494927,2.226537131,1.692199787,2.638928315,1.608579091,2.110746335,2.928556126,2.844207094,3.04899909,1.64738275,1.932413754,3.077883132,2.981257981,3.069023885,3.032150659,1.237075832,2.966007257,3.103588172,3
0.754493713,0.793346405,4.26e-07,0.674599469,0.732176006,-0.021900624,0.612315357,0.634080648,-0.030923745,0.576790452,0.55812335,-0.039828654,0.541247249,0.506339371,-0.048336379,0.687128723,0.492540658,-0.007199924,0.673812687,0.378349155,-0.024113158,0.669658065,0.311106384,-0.04125192,0.669837773,0.252095014,-0.055406433,0.739954412,0.487725109,-0.014790419,0.736822963,0.361922443,-0.027755046,0.738271356,0.28537634,-0.042396355,0.740063131,0.222907007,-0.054987904,0.791781068,0.505592167,-0.027780229,0.798345566,0.385608912,-0.045434728,0.800468922,0.310080826,-0.05985843,0.799199879,0.244338453,-0.071519084,0.843923748,0.542997301,-0.043474458,0.870723784,0.454460502,-0.061566699,0.881899357,0.394042611,-0.071087182,0.88561219,0.336781859,-0.078669935,0.71672201,0.632811778,2.768051925,3.010797965,2.976201012,2.98087487,1.574836049,2.874882467,3.025584293,3.077257437,1.890742016,1.650361291,3.082730688,3.045029328,3.127850223,1.338650887,2.073915497,3.052327808,3.091465247,3.09316023,3.084103935,1.305882165,3.025352431,3.022526762,5
0.745175123,0.796049595,4.03e-07,0.664451599,0.734487772,-0.023810284,0.615007281,0.632675707,-0.034987811,0.601213932,0.538950682,-0.045872439,0.584031463,0.460321039,-0.055520754,0.678777099,0.491160274,-0.007932416,0.675280631,0.377152592,-0.030943913,0.68073386,0.31184876,-0.052328166,0.690424204,0.254819691,-0.068129294,0.727582514,0.485734016,-0.014741272,0.726958334,0.361188829,-0.032788124,0.730579793,0.28706044,-0.051011469,0.735715449,0.22465843,-0.065168642,0.772711158,0.503150344,-0.027004795,0.775351167,0.385863185,-0.045158476,0.776831448,0.314019024,-0.057235017,0.777602434,0.251992732,-0.066876337,0.819038987,0.541018665,-0.042605639,0.83136332,0.448983014,-0.059616115,0.835541785,0.387394488,-0.066909984,0.836366117,0.330385417,-0.07212352,0.727020607,0.53580692,2.662669569,2.836945331,3.07286506,2.889766575,1.465782873,2.862877878,2.981376697,3.046686711,1.890869661,1.694242929,3.032269946,3.031253643,3.104318111,1.279577137,2.152924754,3.047579387,3.128478203,3.126876167,2.993299891,1.099796959,3.050935612,3.082379092,5
0.579252303,0.867226958,3.84e-07,0.500328541,0.832732499,-0.012885645,0.4428702,0.747362137,-0.017782925,0.41251415,0.679401457,-0.024587126,0.378676057,0.631735325,-0.0318074,0.462659806,0.613371193,0.002351068,0.4397071,0.513721704,-0.016047388,0.429332435,0.451273978,-0.034081053,0.423454374,0.395506859,-0.047722731,0.494694233,0.5958727,-0.008376716,0.470729232,0.482901096,-0.022813888,0.458691359,0.412486672,-0.038334593,0.450907618,0.351574779,-0.050273165,0.530564547,0.600369036,-0.023617174,0.509469628,0.48993215,-0.038174484,0.497921616,0.424374551,-0.048701629,0.488829017,0.367043078,-0.057390984,0.57178551,0.623434424,-0.041471399,0.562134326,0.534946442,-0.05459965,0.557403207,0.47791636,-0.059825767,0.552306652,0.426690996,-0.064263634,0.742347147,0.437710067,2.569312243,2.964251357,2.942926595,2.865881748,1.26081757,2.888920132,3.025327181,3.072065075,1.824846637,1.883933795,3.008905044,3.04384317,3.094787229,1.336782251,2.154874075,3.098880349,3.110106674,3.122805446,3.061463259,1.064220383,3.080564759,3.124488767,5
0.791063905,0.771631122,4.04e-07,0.824118614,0.664937377,0.012253461,0.817060649,0.571588576,0.011981313,0.799117684,0.500826359,0.009034544,0.777710974,0.450376451,0.003644335,0.762825906,0.516125739,-0.017795404,0.714959443,0.397221863,-0.031922009,0.693444788,0.332514703,-0.037189167,0.678773165,0.285137922,-0.038215317,0.724198282,0.538947284,-0.032028832,0.674174547,0.402369887,-0.04475522,0.649692416,0.326406598,-0.049120475,0.635563195,0.271750003,-0.050988205,0.687162101,0.576645672,-0.043935973,0.641653776,0.447632641,-0.052766975,0.619082153,0.369105279,-0.058508568,0.608400643,0.309817851,-0.062420379,0.651448965,0.628413498,-0.053640123,0.606714964,0.530806661,-0.060730211,0.587234616,0.470539123,-0.061278861,0.575921655,0.421141565,-0.060356855,0.447006427,0.362252279,2.75002286,2.964766778,2.978477926,2.86703876,1.68033382,3.066361946,3.071994029,3.081528152,1.979657933,1.424257562,3.058069173,3.090576384,3.079009469,1.144182374,2.176638835,2.94257527,3.08222885,3.040046937,2.751104088,1.053461437,3.011313932,3.050072721,5
0.756247342,0.805232942,5.14e-07,0.814430773,0.692661822,-0.010252021,0.828699648,0.588676751,-0.016424604,0.808130622,0.501410365,-0.020659769,0.779428124,0.439653158,-0.024447799,0.712810516,0.523673236,-0.014682246,0.655083418,0.41510725,-0.023337642,0.62280947,0.356985927,-0.029513884,0.597989321,0.313201398,-0.032641798,0.664892912,0.559364736,-0.016390691,0.608892262,0.43345952,-0.024279295,0.575494349,0.361589164,-0.030843122,0.552497029,0.309407353,-0.035117146,0.629509628,0.607174337,-0.018281346,0.58183527,0.489474535,-0.023948489,0.555049837,0.418025732,-0.030413285,0.537284374,0.364966244,-0.035184298,0.603623331,0.661449015,-0.020442089,0.565680087,0.569229603,-0.024215402,0.547372222,0.51387763,-0.024149286,0.535584033,0.468966156,-0.022999331,0.629342306,0.678128356,2.801049828,2.774087688,2.93810659,2.806061459,1.719822183,3.07047785,3.112806819,3.109786935,2.082663441,1.351240821,3.078729426,3.111284779,3.120265189,1.024554051,2.308039439,2.954621898,3.093882041,3.106131686,2.713621753,0.838428898,3.06070412,3.074556676,5
0.693034112,0.847582698,7.63e-07,0.609408379,0.801735997,-0.032240227,0.53354466,0.73146075,-0.055126365,0.473191142,0.689316571,-0.077893578,0.418080479,0.666834474,-0.101738468,0.59663856,0.537290156,-0.029872825,0.569052339,0.425454557,-0.053555675,0.557583928,0.354055107,-0.072789483,0.553280711,0.291900307,-0.088392794,0.656687915,0.524144471,-0.039467782,0.664331555,0.392636567,-0.060455538,0.676573157,0.313731551,-0.077663735,0.689971626,0.248642862,-0.090505935,0.712344289,0.543218732,-0.054909121,0.738161027,0.417252243,-0.086758278,0.754153192,0.339815259,-0.108702146,0.767205775,0.269087136,-0.123180434,0.762108445,0.589738131,-0.072992846,0.821933508,0.514295518,-0.107817322,0.860776961,0.457518786,-0.125586912,0.891311646,0.400122672,-0.136381671,0.784403861,0.801916264,2.881537461,2.985296868,2.917085126,3.015947917,1.565212032,2.855574796,3.042964065,3.053111622,1.789313517,1.862809572,2.969203143,3.032873875,3.088959553,1.511929778,2.013443418,2.991276326,3.113649664,3.066653187,2.74422128,1.584287518,3.025787809,3.001634579,5
0.689335465,0.833649397,5.14e-07,0.608835697,0.777495563,-0.023474593,0.55520153,0.673471272,-0.03044039,0.543658137,0.580569088,-0.036894664,0.532855809,0.506874144,-0.042569242,0.613975585,0.523809075,-0.009731853,0.591718554,0.416585028,-0.025988868,0.585763812,0.347392917,-0.040399931,0.586820483,0.290210128,-0.052518554,0.673669934,0.513689458,-0.017937064,0.675623417,0.385426581,-0.031539384,0.685356677,0.305589885,-0.04786624,0.697209954,0.242198169,-0.060964596,0.727840185,0.535289347,-0.031452689,0.752341926,0.416816831,-0.0571776,0.771952033,0.339287281,-0.081227951,0.787459433,0.271333009,-0.098438263,0.775713861,0.583644032,-0.046580408,0.830713809,0.509099722,-0.076594189,0.866595805,0.456077158,-0.094862312,0.894913793,0.405850232,-0.107167266,0.743746453,0.508864252,2.630903245,2.789776773,3.118568233,3.019947432,1.587082576,2.840087462,3.011378447,3.039403059,1.897850781,1.765666196,3.060608441,3.000383757,3.079329469,1.451113604,2.075185521,3.012493937,3.048723979,3.086688996,2.81667677,1.494486997,3.088982418,3.037459298,5
0.675372005,0.848014653,7.5e-07,0.591807187,0.801569939,-0.030655846,0.517328322,0.732522547,-0.052150585,0.458172262,0.68517065,-0.073411867,0.407390833,0.655521631,-0.094926327,0.577562213,0.550605893,-0.025426816,0.557248831,0.435687482,-0.048658218,0.551835477,0.363921046,-0.068761006,0.553116262,0.303504616,-0.084800862,0.631129503,0.540502667,-0.034781478,0.627574742,0.407416403,-0.054980673,0.630328536,0.323471636,-0.074029557,0.636082113,0.25430885,-0.08899913,0.684152901,0.557821512,-0.049867991,0.700589538,0.430879265,-0.078487575,0.712263167,0.350651294,-0.10091956,0.721689463,0.280617207,-0.116722025,0.734237671,0.60022825,-0.06757354,0.780755639,0.517120481,-0.097738445,0.810293198,0.457170755,-0.114401467,0.832864165,0.400517046,-0.125583947,0.76425773,0.795037859,2.888180359,3.045751994,2.982234501,2.959105156,1.526681004,2.894529734,3.018509212,3.047609346,1.855922441,1.752131013,3.01995994,3.04850302,3.091443598,1.45240651,2.042754701,3.032852569,3.089348788,3.090592754,2.871485906,1.473391979,3.061335277,3.042202731,5
0.39935267,0.89147234,7.07e-07,0.31602639,0.874483645,-0.028487708,0.240570426,0.830330193,-0.051723287,0.179520592,0.802980661,-0.073675275,0.126874313,0.79120338,-0.097502172,0.273178995,0.670193732,-0.048920885,0.234374464,0.567839324,-0.08358299,0.211894244,0.499795467,-0.108872682,0.195309177,0.441415787,-0.127636462,0.316891879,0.655876637,-0.060523357,0.287637591,0.537617743,-0.093363427,0.270776898,0.459554285,-0.116904274,0.259006798,0.390800476,-0.133531168,0.365224421,0.669014931,-0.075523935,0.350776672,0.550746143,-0.113864504,0.342232823,0.472130984,-0.137071028,0.334514737,0.398099482,-0.152074486,0.416166484,0.705240488,-0.091821142,0.437889934,0.619108438,-0.131244242,0.451953918,0.557685018,-0.14885585,0.461354136,0.497064412,-0.159167573,0.831907693,0.835419183,2.820974649,3.023058594,2.929563275,2.950653431,1.539337292,2.883008219,3.089176955,3.085335963,1.955391676,1.704073389,3.046884873,3.104629459,3.074424906,1.311644627,2.145551955,3.109911211,3.112761297,3.054944662,2.994185662,1.350630524,2.994976225,3.014840202,5
0.705292761,0.783153951,8.89e-07,0.627926409,0.72101748,-0.03540327,0.564784169,0.646823645,-0.070341252,0.511623204,0.593061209,-0.102502778,0.461978793,0.547205508,-0.139259666,0.624745667,0.523696303,-0.097880803,0.606545866,0.390763998,-0.151440948,0.598655939,0.304221332,-0.185541615,0.59506917,0.228888869,-0.21055679,0.680443466,0.532300532,-0.115814485,0.674853265,0.387557983,-0.171208605,0.674927413,0.289609492,-0.207210883,0.677960098,0.200668186,-0.233054549,0.731114388,0.572644889,-0.135327071,0.743939877,0.438368052,-0.197701275,0.752007067,0.340794861,-0.236900955,0.760063827,0.247042775,-0.263150692,0.777668834,0.637507319,-0.154522881,0.83212167,0.561322093,-0.218308836,0.868448734,0.502477348,-0.250195563,0.89804256,0.441475391,-0.270728379,0.557373711,0.652472421,2.963620093,3.051148216,3.037353007,2.983713636,1.711345527,3.007030632,3.099206397,3.074203843,2.072151228,1.509337947,3.055861299,3.102504724,3.065125879,1.209843224,2.173244179,3.004741072,3.088005407,3.032761982,2.937955046,1.443398299,2.9656289,2.974256824,5
0.631160498,0.782973409,3.61e-07,0.566073596,0.706797719,-0.008651821,0.527012348,0.605124235,-0.007981836,0.504330277,0.529272318,-0.011610293,0.482190669,0.480391204,-0.015101137,0.623870134,0.489422828,0.028780738,0.632440984,0.394662917,0.023704704,0.643958151,0.338868558,0.010706014,0.658557415,0.29375577,-0.000842249,0.670868993,0.489394009,0.017575156,0.690642357,0.37952289,0.018919742,0.708064675,0.316998273,0.010300328,0.723971605,0.271349221,0.001484989,0.714936137,0.511090696,0.000229276,0.739298582,0.403926313,-0.004967424,0.755912602,0.343006879,-0.014263407,0.76785022,0.294254035,-0.022992428,0.756889284,0.552883983,-0.020056786,0.796998382,0.477943003,-0.027683211,0.818633199,0.441283971,-0.030410206,0.832072377,0.414606482,-0.033293284,0.705618994,0.643515689,2.789417225,3.049363653,3.005725001,2.951852021,1.470178294,2.86555348,2.937089869,3.034107614,1.838043935,1.74170224,3.077335803,2.969875093,3.062360843,1.36674029,2.079002631,3.052235708,3.033935409,3.104964907,3.125860929,1.326012247,3.092782618,3.067882719,5
0.716186166,0.834973454,-8.66e-07,0.626393318,0.754191339,-0.033332758,0.571453452,0.645857751,-0.05346198,0.533713579,0.566261888,-0.071008682,0.493768245,0.510721326,-0.079461709,0.675426662,0.543025434,-0.050756104,0.640300989,0.558530271,-0.081479654,0.639475167,0.653082252,-0.083085194,0.648047864,0.699047208,-0.079514571,0.734438419,0.566652179,-0.050312791,0.695412457,0.595472455,-0.09088552,0.677649677,0.690930188,-0.089297213,0.682365835,0.724680364,-0.084161624,0.785178244,0.609535158,-0.053653218,0.761304975,0.60507381,-0.104295664,0.72853595,0.691474795,-0.093246795,0.718945861,0.741179287,-0.075218566,0.82715863,0.659191132,-0.058599532,0.869613826,0.588212609,-0.096122488,0.89131844,0.536618829,-0.10048379,0.912220001,0.480546057,-0.097421542,0.688718023,0.696947,2.766659213,3.099955763,2.948574133,1.466212462,2.153494572,1.14050586,1.909313302,2.927300928,1.716008472,1.150591383,1.19168447,2.153555611,2.793630505,1.234321782,1.839753749,1.724254242,1.539663685,2.862923605,2.98875694,1.304841997,2.767976013,3.006226934,6
0.723674774,0.802461982,-7e-07,0.643734694,0.732009709,-0.008764663,0.590357542,0.62150383,-0.015281882,0.562475801,0.5408566,-0.028096126,0.534656405,0.487210572,-0.035325475,0.671025813,0.528095841,0.005401246,0.662914276,0.44250387,-0.029248841,0.657107353,0.512998521,-0.046860423,0.657004356,0.581045985,-0.05124924,0.721342802,0.534136236,-0.005195867,0.714064479,0.460006446,-0.050603174,0.697804809,0.545317411,-0.066105217,0.69094348,0.617410541,-0.065564513,0.773171604,0.550966442,-0.021059824,0.769819617,0.47469306,-0.062515944,0.742735267,0.560435355,-0.06077081,0.726756692,0.632158697,-0.046462841,0.824536145,0.57508111,-0.038133167,0.86177218,0.481814206,-0.062872514,0.878353715,0.41878891,-0.06867186,0.88931787,0.356133282,-0.066968478,0.665956428,0.595236264,2.743045144,2.990656554,2.994286439,2.72858173,1.687321315,2.637863038,0.650629284,2.945127749,1.75451766,1.49704284,2.606803489,0.774302351,2.935341524,1.407873837,1.826826647,2.668547918,0.583276012,2.94840976,3.044852846,1.584811814,2.946828527,2.99879084,6
0.706948936,0.80056107,-7.39e-07,0.637658,0.730656266,-0.014076217,0.596245348,0.613188326,-0.0210224,0.576585054,0.533088744,-0.033121888,0.548583806,0.480007291,-0.040041205,0.656004786,0.516799688,-0.001729535,0.634391308,0.45190233,-0.040303119,0.628286242,0.534358025,-0.057366319,0.631832719,0.60236603,-0.059398867,0.703799486,0.529573798,-0.009361488,0.680471122,0.470717192,-0.059841368,0.666195393,0.572093785,-0.073447637,0.665242076,0.644824505,-0.068741791,0.753985286,0.55510217,-0.02293176,0.734633923,0.499258816,-0.071642153,0.707993746,0.592907012,-0.071045488,0.697243631,0.663533151,-0.053885408,0.804924488,0.584462047,-0.0374896,0.831678689,0.485438019,-0.065638691,0.845863461,0.422262192,-0.072080269,0.858300686,0.359929383,-0.068948954,0.61637117,0.439126044,2.693485431,3.008776935,2.897002444,2.615902353,1.980993905,2.450168608,0.81210796,2.927617674,2.00860453,1.196605487,2.420760643,0.937828129,2.907688749,1.168747708,1.996614511,2.380199559,0.881401392,2.880216442,2.948382309,1.393748823,2.967712663,2.991297186,6
0.703578174,0.78694582,-7.33e-07,0.627305925,0.746584535,-0.040042009,0.576873064,0.645709157,-0.062880069,0.548058748,0.559414566,-0.085849315,0.508790314,0.502812862,-0.102187075,0.655765712,0.537660956,-0.042257421,0.677722156,0.481755883,-0.086856686,0.673250973,0.568227649,-0.101247519,0.663588166,0.634146452,-0.101066075,0.716539621,0.544186473,-0.040142048,0.738576472,0.494181275,-0.097372018,0.720053315,0.598608077,-0.110459395,0.701024592,0.662899137,-0.106277876,0.769866347,0.559252799,-0.044292331,0.795502722,0.499107122,-0.101028308,0.773327768,0.593213558,-0.098983273,0.749237359,0.654991269,-0.080846846,0.812728286,0.578522265,-0.050747856,0.855203688,0.486357957,-0.083093747,0.880114019,0.430643678,-0.088452198,0.897052348,0.366267145,-0.084597833,0.890380236,0.624061412,2.509645399,2.995829759,2.865159012,2.445446017,1.378319688,2.475576211,0.858722127,2.94984948,1.420295766,1.75614948,2.426590398,0.955446433,2.925277734,1.716075612,1.496180869,2.601113322,0.710723997,2.859391756,3.033777011,1.620977592,2.920329729,2.923155328,6
0.615472317,0.801365614,-2.56e-07,0.663269222,0.693142951,0.014571978,0.678437591,0.583443642,0.020149892,0.68579042,0.498834252,0.022191618,0.709664941,0.444819629,0.023257118,0.586641729,0.495677739,0.021617901,0.562133431,0.465156764,0.040082879,0.568404198,0.48945111,0.048410334,0.579711914,0.508365035,0.052319013,0.531520665,0.522002935,0.012734588,0.518676579,0.504525363,0.030271048,0.530509353,0.548649013,0.030794196,0.543904305,0.585598946,0.028517719,0.487817228,0.568394721,0.007304821,0.469230503,0.533893883,0.014463734,0.481760323,0.570762813,0.015172054,0.497685552,0.604984939,0.014345833,0.452513367,0.624515414,0.004603294,0.407922149,0.548342466,0.009653416,0.385826707,0.500124216,0.017193235,0.37068224,0.457758248,0.02295815,0.510130554,0.507396523,2.854960727,3.084500564,2.812115481,2.470844223,1.426778142,2.638313434,0.865853464,2.828863866,1.765223065,1.624314016,2.433122777,0.770932731,3.031348825,1.240223779,2.084650443,2.988236932,0.258869045,3.026458474,2.923493985,1.089789849,3.011413077,3.054899878,6
0.68246299,0.812876046,-5.48e-07,0.689502537,0.671709239,0.012722073,0.664730787,0.538782895,0.013487276,0.64184165,0.432443976,0.00995301,0.657423437,0.352868527,0.005753494,0.571120024,0.514679968,-0.002433604,0.494814903,0.499857962,-0.001663004,0.504888237,0.537818253,0.002114829,0.531378865,0.563428223,0.00430105,0.52910465,0.578302503,-0.014278072,0.460709244,0.561002553,-0.014566675,0.483456552,0.602262676,-0.010042113,0.512706399,0.626884282,-0.009732581,0.49758631,0.652363479,-0.023859676,0.42110002,0.61685437,-0.02873634,0.447058141,0.648719788,-0.019982781,0.483419776,0.673340917,-0.016504858,0.475996763,0.729460537,-0.031817734,0.389503658,0.697098255,-0.042817906,0.334021062,0.679884493,-0.044978227,0.28677091,0.657181025,-0.047186404,0.41817703,0.468643168,2.89318683,3.094417621,2.736128299,2.11987391,1.185567019,2.404172556,1.12285451,2.599146654,1.4167892,1.903219767,2.396456738,0.822946211,2.764633322,1.545614865,1.725551577,2.859367282,0.473098001,2.824621303,3.106852245,1.498547038,3.042228182,2.99454206,6
0.711174071,0.641193867,-4.05e-07,0.653684855,0.637383044,-0.014670874,0.597864747,0.606125116,-0.024685232,0.555729568,0.580106497,-0.037104964,0.521877468,0.577078104,-0.046346132,0.618944049,0.517554641,-0.003676977,0.606280804,0.471107274,-0.028801529,0.625841796,0.51063925,-0.042811055,0.641025543,0.547388136,-0.046886649,0.650448918,0.497521847,-0.006107569,0.639430821,0.45375973,-0.035821013,0.656729698,0.50696063,-0.046048362,0.66746676,0.549223304,-0.045525238,0.682663858,0.484389007,-0.012510896,0.671971798,0.433382392,-0.039594371,0.683082998,0.482858509,-0.038709868,0.690098643,0.523887694,-0.029080598,0.714118123,0.478976607,-0.02008839,0.710144639,0.416634023,-0.033148568,0.706728637,0.37915051,-0.033934195,0.699141204,0.34187004,-0.030479493,0.882468941,0.812948216,2.696647472,3.041925805,2.692535182,2.560386015,1.274827949,2.572495339,0.810497482,2.925803257,1.354579475,1.87306323,2.579811911,0.765820563,2.938034207,1.813274045,1.495474004,2.739846251,0.462032937,2.925572683,3.025915731,1.720096479,2.954404713,2.985174741,6
0.584555149,0.807628274,-8.63e-07,0.495403916,0.726802588,-0.019395383,0.43802619,0.596674562,-0.0319991,0.403958768,0.505495608,-0.048783321,0.361766696,0.448615879,-0.05877842,0.523023725,0.491794437,-0.016581835,0.511037409,0.422518134,-0.058887716,0.511948764,0.52240169,-0.076815985,0.515575528,0.600562632,-0.08071927,0.583482981,0.502367318,-0.023796786,0.572261572,0.45624432,-0.079461843,0.558270156,0.572109282,-0.093221776,0.552676678,0.649652123,-0.090956479,0.644056797,0.527052999,-0.036775298,0.641980529,0.460724086,-0.090226702,0.613512635,0.565136373,-0.085139617,0.594834805,0.642214835,-0.066903941,0.699440122,0.558248997,-0.051145215,0.748617768,0.457489967,-0.084817633,0.777599037,0.394139171,-0.091731273,0.798362255,0.324891955,-0.089835428,0.647026758,0.541029816,2.719816064,3.041304744,2.862687217,2.650973559,1.79995941,2.524006606,0.735937438,3.008599474,1.797358508,1.400887387,2.329846889,1.030650273,2.987416164,1.381467018,1.828653966,2.5499984,0.686895327,2.960362939,3.031828104,1.579213231,2.94720525,2.955632876,6
0.674167097,0.746596694,-5.66e-07,0.606141388,0.698041379,-0.015684649,0.557983577,0.613766491,-0.026274933,0.529662728,0.547524273,-0.039775245,0.498873055,0.506794393,-0.048384134,0.623766899,0.53310281,-0.00905609,0.618298292,0.481284916,-0.038153596,0.6197505,0.546016514,-0.050909366,0.622738957,0.596709132,-0.053921577,0.667080402,0.538054109,-0.013821956,0.660781264,0.494447917,-0.052109893,0.654470503,0.572112799,-0.062691793,0.653089046,0.625647306,-0.061590292,0.709508598,0.551494896,-0.022885371,0.709661841,0.49769032,-0.059911355,0.693337798,0.570167184,-0.056716576,0.681998491,0.624032497,-0.04388212,0.749352336,0.57095021,-0.033110585,0.778446615,0.499110848,-0.054743931,0.794275582,0.455104619,-0.058054004,0.804671645,0.406019837,-0.055543087,0.728012188,0.642081928,2.707851458,3.00437717,2.90140636,2.658290294,1.706758903,2.556148122,0.708324006,3.001583006,1.762964442,1.450866199,2.484878133,0.875127296,2.976567624,1.441976415,1.795452853,2.627345917,0.595651135,2.954983739,3.039188774,1.566091649,2.936353939,2.959417561,6
0.660630167,0.740038872,-5.74e-07,0.595174909,0.715370417,-0.016888019,0.544242382,0.635131776,-0.022455957,0.522505641,0.569560051,-0.030479793,0.497681081,0.528948247,-0.034033999,0.587456465,0.557453632,-0.005589692,0.574453533,0.517409563,-0.033860564,0.585759521,0.581238508,-0.045839719,0.596340358,0.62536788,-0.047067218,0.624818444,0.554316163,-0.008463916,0.613850772,0.522105098,-0.045234807,0.620240211,0.599202216,-0.054812454,0.626844585,0.648646593,-0.050884303,0.662106752,0.559892118,-0.016243158,0.654399395,0.528684199,-0.051869184,0.651207566,0.601687551,-0.050184757,0.651214063,0.653655946,-0.036416113,0.697575867,0.5677616,-0.025297519,0.696441293,0.493281841,-0.044444919,0.691700995,0.445123702,-0.046779759,0.68786782,0.400349498,-0.042492591,0.845990722,0.532453714,2.480462895,2.890486394,2.910397913,2.575172091,1.717584806,2.433214145,0.7852116,2.974871886,1.728302284,1.462818724,2.353078784,0.971988459,2.93372762,1.470880865,1.680322923,2.364674266,0.850414267,2.901711649,2.894310317,1.412836629,2.922366301,2.99770499,6
0.668826222,0.751182318,-6.18e-07,0.596387982,0.713820159,-0.01496424,0.540964901,0.645674169,-0.02458843,0.502399445,0.599481225,-0.036695197,0.466588676,0.583829641,-0.044194721,0.601322711,0.558768451,-0.010927141,0.593268096,0.527957141,-0.042673875,0.596960068,0.596534669,-0.055342723,0.603440702,0.639816761,-0.057493147,0.646011472,0.559079528,-0.015320607,0.639135063,0.533456802,-0.053262871,0.633018017,0.612127662,-0.060105771,0.633634508,0.653916776,-0.057166643,0.688790083,0.568140149,-0.024399137,0.685671508,0.536440969,-0.064539731,0.669744551,0.611380458,-0.061079301,0.660758376,0.657577395,-0.04758101,0.727487922,0.582778633,-0.034283426,0.752338231,0.512068391,-0.058023382,0.766455293,0.469423354,-0.061607715,0.776463032,0.420545131,-0.059092224,0.762000479,0.726105944,2.727893551,3.051286845,2.687250247,2.407769829,1.684974849,2.292348548,0.983342017,2.978386751,1.658866245,1.499272269,2.252380255,1.084406972,2.959743058,1.546234224,1.657127114,2.354615905,0.89286622,2.906794922,3.024743091,1.619020237,2.913765232,2.966274643,6
0.832706869,0.840185285,-3.33e-07,0.830004692,0.705230713,0.007073951,0.794371724,0.582476139,-0.002334866,0.770734787,0.483348817,-0.014283626,0.7711429,0.400752485,-0.029981218,0.733430088,0.54976207,-0.035877593,0.620196164,0.495203257,-0.057670176,0.554719567,0.467904925,-0.069316529,0.504161835,0.445665121,-0.07814651,0.71027863,0.60635525,-0.050851569,0.608431339,0.616265774,-0.071698815,0.62697047,0.661776125,-0.066398069,0.66210717,0.678094268,-0.063068308,0.688353181,0.682385623,-0.063596904,0.598932564,0.678957641,-0.081742108,0.617733777,0.715158701,-0.060957659,0.652313173,0.727366567,-0.04614684,0.668445826,0.765194118,-0.075506486,0.58324188,0.737101674,-0.085877381,0.594945729,0.756037354,-0.067134954,0.623791456,0.766420424,-0.051396295,0.351918858,0.312230104,2.850664286,3.076828849,2.894937396,2.35599223,1.588206035,2.584332847,3.087602164,3.121979113,1.171724117,2.08456572,1.981673968,1.266277614,2.39577495,1.837854231,1.350952935,2.369997183,1.021499865,2.454601106,2.841360998,1.505522665,0.85554666,2.544289121,7
0.789445996,0.828996062,-4.46e-07,0.710995197,0.770267129,-0.01261937,0.650966048,0.656274974,-0.01795212,0.617377222,0.581255555,-0.028140616,0.585377395,0.53631866,-0.039427571,0.730431676,0.55691278,-0.017952614,0.734733403,0.417971283,-0.052742552,0.741651595,0.335799456,-0.072866313,0.749934614,0.265686095,-0.085385807,0.781011283,0.573975563,-0.029834263,0.753623188,0.517082334,-0.090415098,0.74337852,0.623553693,-0.099401198,0.749708235,0.695675433,-0.089440189,0.831781924,0.598192692,-0.045101628,0.809060693,0.551679671,-0.104942404,0.794720948,0.654678285,-0.090553015,0.796123803,0.718201578,-0.062245354,0.88627553,0.629877031,-0.061088994,0.882491469,0.551812351,-0.09854421,0.85675776,0.613162875,-0.08362601,0.84275806,0.665522635,-0.061307605,0.713864156,0.575459905,2.691444673,3.037913157,2.931236562,2.840088856,1.794677731,2.913425577,3.089765157,3.069774327,1.940599961,1.221826433,2.398088382,0.979924237,2.854996836,1.270003952,1.918895225,2.291188693,0.874768417,2.820809311,2.641201503,1.192653008,0.476562692,2.927922606,7
0.660387754,0.845918179,-3.38e-07,0.626764178,0.752480924,-0.016419781,0.632220745,0.626077473,-0.025595421,0.63849622,0.542212069,-0.038462371,0.628247857,0.484992683,-0.052369807,0.733280361,0.609345794,-0.021988558,0.80532223,0.52090776,-0.054133844,0.851559162,0.47323209,-0.071461789,0.891777873,0.434358507,-0.082532384,0.763501227,0.660131276,-0.03098486,0.764910996,0.61531496,-0.088254519,0.709816515,0.683779478,-0.096182361,0.683187544,0.734775543,-0.087031849,0.788722575,0.716846526,-0.043323845,0.787983835,0.680734992,-0.098994546,0.734791517,0.73974967,-0.08565899,0.710844696,0.778633416,-0.06005555,0.812566221,0.780214369,-0.056537919,0.835974276,0.730716169,-0.089715593,0.795714915,0.755061865,-0.075913653,0.772521496,0.776722968,-0.055818237,0.643264605,0.59717031,2.745211959,3.056209566,2.880902322,2.720551676,1.860685069,2.894305344,3.055876725,3.073981633,1.972464701,1.164535183,2.286346454,1.137953787,2.825872019,1.236032066,1.920930526,2.167611472,1.012022629,2.757235389,2.457602898,1.064924508,0.59169988,2.805123896,7
0.73377043,0.299633086,-1.24e-08,0.625762641,0.335779607,-0.005027495,0.551203489,0.421533644,-0.014728492,0.478186071,0.481345654,-0.020694377,0.420659006,0.495989203,-0.027936444,0.595046222,0.548621356,-0.055732373,0.592156708,0.721349895,-0.06652867,0.596404791,0.816095233,-0.0709382,0.605047822,0.887502074,-0.074745342,0.659785211,0.57750982,-0.053096894,0.635244668,0.655063272,-0.04979939,0.632456779,0.605928004,-0.030476494,0.640767515,0.554551363,-0.022269916,0.720840752,0.581283212,-0.047556449,0.683404446,0.639028013,-0.046142321,0.685646176,0.5962134,-0.027242366,0.699039459,0.552389324,-0.019373484,0.770873129,0.580820084,-0.041455157,0.738911033,0.644922972,-0.03764993,0.737061739,0.605134487,-0.020408766,0.743671119,0.562095761,-0.010027833,0.748350923,0.583121463,2.609017394,2.971815302,2.702608841,2.637231791,1.171449241,2.931230819,3.078113098,3.0657674,1.810552033,1.685388502,2.913785595,0.546010051,2.83983315,1.061875949,2.147272498,2.582123764,0.66919678,2.803309397,2.517205392,1.110647404,0.677426293,2.884891847,7
0.578992903,0.922490895,7.23e-08,0.60439235,0.776783407,0.008330144,0.585710883,0.649518907,0.00716795,0.574930966,0.537338257,0.004017008,0.600110769,0.467672884,-0.000549104,0.465694875,0.628634453,-0.00726462,0.376815379,0.560876131,-0.003377384,0.320644379,0.531004667,-0.003117773,0.279758036,0.509734333,-0.005456074,0.413080871,0.692367733,-0.009998593,0.392757475,0.645767272,0.001521046,0.42401576,0.668250918,0.013339221,0.453779638,0.698314488,0.01777987,0.387083411,0.766782343,-0.009559399,0.383770287,0.710683525,0.004586601,0.409025639,0.728498399,0.020487303,0.435263455,0.759547949,0.025704579,0.370567203,0.835654318,-0.009005255,0.376274168,0.786252499,0.00809628,0.403571516,0.795786619,0.025598204,0.427184731,0.814854026,0.036199789,0.546149024,0.609782064,2.816772796,3.088187916,2.698159399,2.587217203,1.53323898,2.940940586,2.976152151,3.086076772,2.366151264,1.105982563,2.807709261,0.742535721,2.888678498,0.465349445,2.754737367,2.271048442,1.13066873,2.718275403,1.821349541,0.359042659,1.561846183,2.768698009,7
0.694543302,0.793312669,-5.45e-07,0.637289405,0.697107911,-0.015131912,0.617331982,0.543299556,-0.022398053,0.607695639,0.442627639,-0.035832722,0.581307113,0.378174275,-0.050820544,0.745158792,0.474687517,-0.012867052,0.804229856,0.341197431,-0.049685057,0.84165132,0.267134249,-0.071766049,0.876566947,0.205491811,-0.086714521,0.788873672,0.52019453,-0.026764378,0.773132443,0.444034338,-0.095768623,0.716209412,0.548594415,-0.10866791,0.697107315,0.627807021,-0.099387333,0.829865932,0.573367894,-0.044906303,0.812459707,0.509379208,-0.11358162,0.754498303,0.603226304,-0.099276759,0.734157801,0.668303609,-0.068900391,0.873171091,0.63529104,-0.063901708,0.886024117,0.55226016,-0.107334405,0.831613541,0.596761882,-0.091585815,0.799055576,0.640279412,-0.067172065,0.697785208,0.583104389,2.726298767,3.050006711,2.842011841,2.812317582,1.882233568,2.883038219,3.090315153,3.071937301,2.067084479,1.07516433,2.348201873,1.051633638,2.799096556,1.123777044,2.047289319,2.203774507,0.97273069,2.765111764,2.463879659,1.035362711,0.729694048,2.835689761,7
0.742273629,0.832629502,-3.26e-07,0.766155601,0.695394993,0.014020006,0.753846705,0.565932095,0.009353712,0.747951269,0.459882021,0.003936887,0.772639513,0.38106519,-0.005977584,0.677045524,0.530693293,-0.044842031,0.567149222,0.434275329,-0.062302005,0.502417088,0.39004612,-0.071960367,0.454034507,0.3571935,-0.078260064,0.633911133,0.584791064,-0.054775018,0.560944259,0.554796338,-0.055102292,0.585558414,0.596148312,-0.037786763,0.618944645,0.625709653,-0.030541351,0.597167373,0.656835854,-0.060579143,0.54004997,0.615052462,-0.059754454,0.563111603,0.654151618,-0.035014939,0.592959523,0.683776498,-0.022550518,0.566042483,0.732931495,-0.064483508,0.506557465,0.669404984,-0.060354427,0.527970731,0.691531181,-0.03571029,0.557524562,0.719251037,-0.018651729,0.455218433,0.476867331,2.84209923,3.099569872,2.777390109,2.508933282,1.600169881,2.748803805,3.02165945,3.126052477,1.489098878,1.851558307,2.35378813,0.71675345,2.79057328,1.410423329,1.81438733,2.774995378,0.641926199,2.82520224,2.676815186,1.139373473,0.722531767,2.862037699,7
0.568297505,0.908505976,1.45e-07,0.571853817,0.770893693,0.003261544,0.53523463,0.664886177,-0.00171478,0.50475198,0.567263722,-0.007264096,0.514057398,0.493200183,-0.013923751,0.425344139,0.678314209,-0.015892308,0.336369991,0.629325747,-0.015529782,0.285415292,0.615528107,-0.015433312,0.248682603,0.609806299,-0.015931819,0.387261271,0.749786854,-0.015069964,0.359109253,0.701597333,-0.004001393,0.389692754,0.70712322,0.009695108,0.42106986,0.72402215,0.016062612,0.37609154,0.821709037,-0.01142541,0.364812911,0.764378488,0.002535229,0.390860736,0.77287674,0.017478788,0.419021845,0.795099854,0.022300646,0.37318486,0.883810937,-0.007753644,0.374592125,0.837204635,0.010218273,0.401284277,0.840720117,0.02678933,0.424473375,0.853867471,0.03644564,0.587105057,0.675635695,2.776837735,3.110095097,2.713668288,2.626343624,1.584490509,3.013024001,2.902730555,3.030630531,2.419332415,1.032353209,2.729853807,1.041523069,2.758043162,0.447694009,2.762943474,2.15373323,1.260557589,2.647311701,1.645801734,0.427189177,1.679591386,2.740575704,7
0.70407033,0.501144707,-6.76e-08,0.632317066,0.452923328,0.000335545,0.549241185,0.433660567,-0.010645521,0.489454091,0.408921957,-0.022336066,0.459211469,0.359749258,-0.036907956,0.516741037,0.510320485,-0.041756272,0.43541345,0.596204817,-0.059332304,0.389205664,0.650181174,-0.067805305,0.353270024,0.692732751,-0.074002787,0.537557721,0.565162301,-0.049205028,0.498844534,0.634290457,-0.062040955,0.529117584,0.618716478,-0.053544868,0.555078924,0.589795649,-0.048103943,0.569693029,0.618402481,-0.054268532,0.531680405,0.668871462,-0.064327106,0.557056129,0.654817522,-0.047747307,0.580363572,0.628982663,-0.036602985,0.604145169,0.66812849,-0.058856014,0.556589425,0.719348729,-0.060964417,0.571617961,0.70449245,-0.044073425,0.591842711,0.679298282,-0.031331316,0.673420816,0.695776883,2.755454047,2.97134136,2.52547607,2.38810201,1.109386682,2.76086306,3.084138248,3.131281816,1.04779292,2.277253654,2.456660909,0.578772313,2.769154202,1.960452715,1.243958907,2.897002815,0.533413188,2.774284557,2.807292274,1.788977607,0.64535218,2.827110378,7
0.730378151,0.729422331,-1.31e-07,0.685942709,0.679930687,-0.015524536,0.658717871,0.600702167,-0.023862429,0.640634358,0.546473503,-0.034144498,0.618126214,0.515222728,-0.044809382,0.720630527,0.548717082,-0.01562212,0.744495928,0.472113609,-0.036227528,0.762226582,0.428966969,-0.048267599,0.777741134,0.393297464,-0.056033384,0.752687395,0.569376707,-0.020061994,0.7615183,0.539362371,-0.058987789,0.743500769,0.597904563,-0.06692306,0.730230629,0.639432967,-0.062559143,0.78113097,0.596268594,-0.026950313,0.790518224,0.569123328,-0.064974613,0.769376636,0.622313082,-0.059242554,0.753010869,0.657988131,-0.04410829,0.806800008,0.627679825,-0.034697361,0.825227678,0.586808681,-0.058053348,0.81054616,0.608900964,-0.051485077,0.796572566,0.629345775,-0.039873034,0.683532563,0.596617912,2.725843562,3.062311781,2.832927854,2.754208522,1.801106738,2.887252266,3.056474411,3.0826136,1.71631845,1.485074241,2.361670348,1.022664214,2.912744941,1.464439939,1.732643005,2.404217272,0.824893244,2.868729055,2.845323118,1.264330867,0.281943734,2.945478972,7
0.777770936,0.518643081,2.05e-07,0.700377941,0.519062161,-0.0112448,0.638059378,0.556398571,-0.025186675,0.579378068,0.57026118,-0.03610089,0.541989326,0.538263917,-0.048052799,0.654414177,0.649336517,-0.051245838,0.618402004,0.762641907,-0.063089117,0.600844085,0.829439104,-0.068222217,0.591072261,0.883837581,-0.07295993,0.695909262,0.688640654,-0.047805924,0.655612409,0.735611856,-0.051433589,0.657136321,0.699891746,-0.038920727,0.671448469,0.666069925,-0.032941401,0.736176848,0.707867026,-0.042255424,0.691720128,0.74088347,-0.042072661,0.69652611,0.711877167,-0.026410194,0.714484513,0.68306917,-0.019202448,0.770258963,0.720226765,-0.037584286,0.731027246,0.751643181,-0.035437085,0.732991517,0.724388838,-0.02318652,0.746395588,0.697827458,-0.015737053,0.800432824,0.677957815,2.612944327,2.83887495,2.2219791,2.666717503,1.130087158,2.956444631,3.085194003,3.061737458,1.839366197,1.616326762,2.82238109,0.707533569,2.75373645,1.088751595,2.148989357,2.398880334,0.884851588,2.67942796,2.257824944,1.035016697,0.924702804,2.729364869,7
